BSC;Site;Nom secteur;Nbre TRX;ID;LAC;Longitude;Latitude
BZBSC3;10MAISON;10MAIS1;4;13 111;13;"15°15'59,4""E";"4°15'0,79""S"
BZBSC3;10MAISON;10MAIS2;4;13 112;13;"15°15'59,4""E";"4°15'0,79""S"
BZBSC3;10MAISON;10MAIS3;4;13 113;13;"15°15'59,4""E";"4°15'0,79""S"
BZBSC3;10MAISON;10MAIS7;4;13 117;13;"15°15'59,4""E";"4°15'0,79""S"
BZBSC3;10MAISON;10MAIS8;4;13 118;13;"15°15'59,4""E";"4°15'0,79""S"
BZBSC3;10MAISON;10MAIS9;4;13 119;13;"15°15'59,4""E";"4°15'0,79""S"
BZBSC3;18_MARS;18_MAR1;4;13 201;13;"15°17'35,9""E";"4°12'46,4""S"
BZBSC3;18_MARS;18_MAR2;4;13 202;13;"15°17'35,9""E";"4°12'46,4""S"
BZBSC3;18_MARS;18_MAR3;4;13 203;13;"15°17'35,9""E";"4°12'46,4""S"
BZBSC3;18_MARS;18_MAR7;4;13 207;13;"15°17'35,9""E";"4°12'46,4""S"
BZBSC3;18_MARS;18_MAR8;4;13 208;13;"15°17'35,9""E";"4°12'46,4""S"
BZBSC3;18_MARS;18_MAR9;4;13 209;13;"15°17'35,9""E";"4°12'46,4""S"
BZBSC3;5ASEC;5ASEC1;8;13 611;13;"15°15'41,04""E";"4°15'23,76""S"
BZBSC3;5ASEC;5ASEC2;8;13 612;13;"15°15'41,04""E";"4°15'23,76""S"
BZBSC3;5ASEC;5ASEC3;8;13 613;13;"15°15'41,04""E";"4°15'23,76""S"
BZBSC3;5ASEC;5ASEC7;4;13 617;13;"15°15'41,04""E";"4°15'23,76""S"
BZBSC3;5ASEC;5ASEC8;4;13 618;13;"15°15'41,04""E";"4°15'23,76""S"
BZBSC3;5ASEC;5ASEC9;4;13 619;13;"15°15'41,04""E";"4°15'23,76""S"
BZBSC2;ABALA;ABALA1;2;12 811;12;"15°32'53,3""E";"1°19'59,1""S"
BZBSC2;ABALA;ABALA2;2;12 812;12;"15°32'53,3""E";"1°19'59,1""S"
BZBSC2;ABALA;ABALA3;2;12 813;12;"15°32'53,3""E";"1°19'59,1""S"
BZBSC3;ABC;ABC1;4;13 641;13;"15°16'15,5""E";"4°15'37""S"
BZBSC3;ABC;ABC2;2;13 642;13;"15°16'15,5""E";"4°15'37""S"
BZBSC3;ABC;ABC3;4;13 643;13;"15°16'15,5""E";"4°15'37""S"
BZBSC3;ABC;ABC7;4;13 647;13;"15°16'15,5""E";"4°15'37""S"
BZBSC3;ABC;ABC8;4;13 648;13;"15°16'15,5""E";"4°15'37""S"
BZBSC3;ABC;ABC9;4;13 649;13;"15°16'15,5""E";"4°15'37""S"
PNBSC1;AEROPORT_PNR;AIROPT7;2;21 007;21;"11°52'47,89""E";"4°48'50,33""S"
PNBSC1;AEROPORT_PNR;AIROPT8;6;21 008;21;"11°52'47,89""E";"4°48'50,33""S"
PNBSC1;AEROPORT_PNR;AIROPT9;4;21 009;21;"11°52'47,89""E";"4°48'50,33""S"
PNBSC1;AEROPORT2_PNR;AEROP21;2;21 581;21;"11°53'2""E";"4°49'12""S"
PNBSC1;AEROPORT2_PNR;AEROP22;2;21 582;21;"11°53'2""E";"4°49'12""S"
PNBSC1;AEROPORT2_PNR;AEROP23;2;21 583;21;"11°53'2""E";"4°49'12""S"
PNBSC1;AEROPORT2_PNR;AEROP27;4;21 587;21;"11°53'2""E";"4°49'12""S"
PNBSC1;AEROPORT2_PNR;AEROP28;4;21 588;21;"11°53'2""E";"4°49'12""S"
PNBSC1;AEROPORT2_PNR;AEROP29;4;21 589;21;"11°53'2""E";"4°49'12""S"
BZBSC2;ALEMBE;ALEMBE1;2;12 821;12;"15°22'21""E";"1°10'38,7""S"
BZBSC2;ALEMBE;ALEMBE2;2;12 822;12;"15°22'21""E";"1°10'38,7""S"
BZBSC2;AMOSABO;AMSABO1;2;12 361;12;"15°50'0""E";"3°13'59,6""S"
BZBSC2;AMOSABO;AMSABO2;2;12 362;12;"15°50'0""E";"3°13'59,6""S"
BZBSC2;AMOSABO;AMSABO3;2;12 363;12;"15°50'0""E";"3°13'59,6""S"
BZBSC2;ANTANIMPO;ANTMPO1;2;12 371;12;"16°2'36,9""E";"3°10'36,2""S"
BZBSC2;ANTANIMPO;ANTMPO2;2;12 372;12;"16°2'36,9""E";"3°10'36,2""S"
BZBSC2;ANTANIMPO;ANTMPO3;4;12 373;12;"16°2'36,9""E";"3°10'36,2""S"
BZBSC2;ASSIGUI;ASIGUI1;2;12 061;12;"15°8'16,08""E";"1°15'18,11""S"
BZBSC2;ASSIGUI;ASIGUI2;2;12 062;12;"15°8'16,08""E";"1°15'18,11""S"
BZBSC2;ASSIGUI;ASIGUI3;2;12 063;12;"15°8'16,08""E";"1°15'18,11""S"
PNBSC3;AZUR;AZZUR1;2;23 301;23;"11°50'48""E";"4°48'26""S"
PNBSC3;AZUR;AZZUR2;2;23 302;23;"11°50'48""E";"4°48'26""S"
PNBSC3;AZUR;AZZUR3;2;23 303;23;"11°50'48""E";"4°48'26""S"
PNBSC3;AZUR;AZZUR7;4;23 307;23;"11°50'48""E";"4°48'26""S"
PNBSC3;AZUR;AZZUR8;4;23 308;23;"11°50'48""E";"4°48'26""S"
PNBSC3;AZUR;AZZUR9;4;23 309;23;"11°50'48""E";"4°48'26""S"
BZBSC1;BACONGO2;BACON21;4;11 041;11;"15°14'58,42""E";"4°17'33""S"
BZBSC1;BACONGO2;BACON22;4;11 042;11;"15°14'58,42""E";"4°17'33""S"
BZBSC1;BACONGO2;BACON23;4;11 043;11;"15°14'58,42""E";"4°17'33""S"
BZBSC1;BACONGO2;BACON27;8;11 047;11;"15°14'58,42""E";"4°17'33""S"
BZBSC1;BACONGO2;BACON28;4;11 048;11;"15°14'58,42""E";"4°17'33""S"
BZBSC1;BACONGO2;BACON29;8;11 049;11;"15°14'58,42""E";"4°17'33""S"
PNBSC2;BAMBAMA;BMBAMA1;2;22 691;22;"13°32'39""E";"2°32'21""S"
PNBSC2;BAMBAMA;BMBAMA2;2;22 692;22;"13°32'39""E";"2°32'21""S"
PNBSC2;BAMBAMA;BMBAMA3;2;22 693;22;"13°32'39""E";"2°32'21""S"
PNBSC2;BANDA;BANDA1;2;22 371;22;"11°58'58,92""E";"3°34'16,97""S"
PNBSC2;BANDA;BANDA2;2;22 372;22;"11°58'58,92""E";"3°34'16,97""S"
PNBSC2;BANDA;BANDA3;2;22 373;22;"11°58'58,92""E";"3°34'16,97""S"
PNBSC2;BANDZOKO;BNZOKO1;2;22 021;22;"12°46'18,6""E";"2°20'54,7""S"
PNBSC2;BANDZOKO;BNZOKO2;2;22 022;22;"12°46'18,6""E";"2°20'54,7""S"
PNBSC2;BANDZOKO;BNZOKO3;2;22 023;22;"12°46'18,6""E";"2°20'54,7""S"
PNBSC2;BANKUSU;BNKUSU1;2;22 601;22;"13°35'7""E";"2°40'27""S"
PNBSC2;BANKUSU;BNKUSU2;2;22 602;22;"13°35'7""E";"2°40'27""S"
PNBSC2;BANKUSU;BNKUSU3;2;22 603;22;"13°35'7""E";"2°40'27""S"
BZBSC1;BATIGNOLLES1;BATIGN7;4;11 607;11;"15°14'56,63""E";"4°15'55,24""S"
BZBSC1;BATIGNOLLES1;BATIGN8;4;11 608;11;"15°14'56,63""E";"4°15'55,24""S"
BZBSC1;BATIGNOLLES1;BATIGN9;4;11 609;11;"15°14'56,63""E";"4°15'55,24""S"
BZBSC3;BATIGNOLLES2;BATIG21;4;13 481;13;"15°15'28,55""E";"4°15'48,46""S"
BZBSC3;BATIGNOLLES2;BATIG22;4;13 482;13;"15°15'28,55""E";"4°15'48,46""S"
BZBSC3;BATIGNOLLES2;BATIG23;4;13 483;13;"15°15'28,55""E";"4°15'48,46""S"
BZBSC3;BATIGNOLLES2;BATIG27;4;13 487;13;"15°15'28,55""E";"4°15'48,46""S"
BZBSC3;BATIGNOLLES2;BATIG28;4;13 488;13;"15°15'28,55""E";"4°15'48,46""S"
BZBSC3;BATIGNOLLES2;BATIG29;4;13 489;13;"15°15'28,55""E";"4°15'48,46""S"
BZBSC3;BEACH;BEACH11;4;13 001;13;"15°17'40,99""E";"4°16'12,15""S"
BZBSC3;BEACH;BEACH12;4;13 002;13;"15°17'40,99""E";"4°16'12,15""S"
BZBSC3;BEACH;BEACH13;4;13 003;13;"15°17'40,99""E";"4°16'12,15""S"
BZBSC3;BEACH;BEACH17;4;13 007;13;"15°17'40,99""E";"4°16'12,15""S"
BZBSC3;BEACH;BEACH18;4;13 008;13;"15°17'40,99""E";"4°16'12,15""S"
BZBSC3;BEACH;BEACH19;4;13 009;13;"15°17'40,99""E";"4°16'12,15""S"
BZBSC1;BIFOUITI;BIFUTI7;4;11 067;11;"15°13'42,8""E";"4°17'50,8""S"
BZBSC1;BIFOUITI;BIFUTI8;4;11 068;11;"15°13'42,8""E";"4°17'50,8""S"
BZBSC1;BIFOUITI;BIFUTI9;4;11 069;11;"15°13'42,8""E";"4°17'50,8""S"
PNBSC2;BILALA;BILALA1;2;22 011;22;"12°11'59,5""E";"4°31'12,15""S"
PNBSC2;BILALA;BILALA2;2;22 012;22;"12°11'59,5""E";"4°31'12,15""S"
PNBSC2;BILALA;BILALA3;4;22 013;22;"12°11'59,5""E";"4°31'12,15""S"
PNBSC1;BISSONGO;BISNGO1;4;21 311;21;"11°54'31,6""E";"4°47'3,6""S"
PNBSC1;BISSONGO;BISNGO2;4;21 312;21;"11°54'31,6""E";"4°47'3,6""S"
PNBSC1;BISSONGO;BISNGO3;4;21 313;21;"11°54'31,6""E";"4°47'3,6""S"
PNBSC1;BISSONGO;BISNGO7;4;21 317;21;"11°54'31,6""E";"4°47'3,6""S"
PNBSC1;BISSONGO;BISNGO8;4;21 318;21;"11°54'31,6""E";"4°47'3,6""S"
PNBSC1;BISSONGO;BISNGO9;4;21 319;21;"11°54'31,6""E";"4°47'3,6""S"
BZBSC2;BOEMBA;BOEMBA1;4;12 381;12;"16°4'28""E";"2°12'8,8""S"
BZBSC2;BOEMBA;BOEMBA2;4;12 382;12;"16°4'28""E";"2°12'8,8""S"
BZBSC2;BOEMBA;BOEMBA3;2;12 383;12;"16°4'28""E";"2°12'8,8""S"
BZBSC2;BOKO;BOKKO1;2;15 101;15;"14°37'50,3""E";"4°47'11,6""S"
BZBSC2;BOKO;BOKKO2;2;15 102;15;"14°37'50,3""E";"4°47'11,6""S"
BZBSC2;BOKO;BOKKO3;2;15 103;15;"14°37'50,3""E";"4°47'11,6""S"
BZBSC2;BOKO_SONGO;BKSONG1;2;15 801;15;"13°37'10,1""E";"4°26'59,4""S"
BZBSC2;BOKO_SONGO;BKSONG2;2;15 802;15;"13°37'10,1""E";"4°26'59,4""S"
BZBSC2;BOKO_SONGO;BKSONG3;4;15 803;15;"13°37'10,1""E";"4°26'59,4""S"
BZBSC2;BOKOUELE;BOKULE1;2;12 391;12;"16°18'45,8""E";"1°1'33,6""S"
BZBSC2;BOKOUELE;BOKULE2;2;12 392;12;"16°18'45,8""E";"1°1'33,6""S"
BZBSC2;BOKOUELE;BOKULE3;2;12 393;12;"16°18'45,8""E";"1°1'33,6""S"
HWBSC01;BOTALA;BOTALA1;2;14 151;14;"17°36'47,52""E";"1°25'15,82""N"
HWBSC01;BOTALA;BOTALA2;2;14 152;14;"17°36'47,52""E";"1°25'15,82""N"
HWBSC01;BOTALA;BOTALA3;2;14 153;14;"17°36'47,52""E";"1°25'15,82""N"
BZBSC2;BOUANSA;BUANSA1;4;15 111;15;"13°45'34,6""E";"4°13'19,3""S"
BZBSC2;BOUANSA;BUANSA2;4;15 112;15;"13°45'34,6""E";"4°13'19,3""S"
BZBSC2;BOUANSA;BUANSA3;4;15 113;15;"13°45'34,6""E";"4°13'19,3""S"
BZBSC3;BOUETA_MBONGO;BUETA7;8;13 277;13;"15°16'29,98""E";"4°14'31,01""S"
BZBSC3;BOUETA_MBONGO;BUETA8;6;13 278;13;"15°16'29,98""E";"4°14'31,01""S"
BZBSC3;BOUETA_MBONGO;BUETA9;6;13 279;13;"15°16'29,98""E";"4°14'31,01""S"
BZBSC2;BOUNDJI;BUNDJI1;4;12 931;12;"15°16'49,3""E";"1°3'44,8""S"
BZBSC2;BOUNDJI;BUNDJI2;6;12 932;12;"15°16'49,3""E";"1°3'44,8""S"
BZBSC2;BOUNDJI;BUNDJI3;2;12 933;12;"15°16'49,3""E";"1°3'44,8""S"
PNBSC1;BRASSERIE;BRASE1;4;21 321;21;"11°52'6,3""E";"4°48'49,9""S"
PNBSC1;BRASSERIE;BRASE2;4;21 322;21;"11°52'6,3""E";"4°48'49,9""S"
PNBSC1;BRASSERIE;BRASE3;4;21 323;21;"11°52'6,3""E";"4°48'49,9""S"
PNBSC1;BRASSERIE;BRASE7;4;21 327;21;"11°52'6,3""E";"4°48'49,9""S"
PNBSC1;BRASSERIE;BRASE8;4;21 328;21;"11°52'6,3""E";"4°48'49,9""S"
PNBSC1;BRASSERIE;BRASE9;4;21 329;21;"11°52'6,3""E";"4°48'49,9""S"
BZBSC2;CABOSSE;CABOSE1;2;12 171;12;"13°56'49,2""E";"2°8'47,29""N"
BZBSC2;CABOSSE;CABOSE2;2;12 172;12;"13°56'49,2""E";"2°8'47,29""N"
BZBSC2;CABOSSE;CABOSE3;2;12 173;12;"13°56'49,2""E";"2°8'47,29""N"
BZBSC3;CASE_BARNIER;CASEB1;4;13 431;13;"15°13'8,18""E";"4°8'20,65""S"
BZBSC3;CASE_BARNIER;CASEB2;4;13 432;13;"15°13'8,18""E";"4°8'20,65""S"
BZBSC3;CASE_BARNIER;CASEB3;2;13 433;13;"15°13'8,18""E";"4°8'20,65""S"
BZBSC1;CASE_DE_GAULE;DGAULE1;2;11 111;11;"15°15'57,88""E";"4°17'23,31""S"
BZBSC1;CASE_DE_GAULE;DGAULE2;4;11 112;11;"15°15'57,88""E";"4°17'23,31""S"
BZBSC1;CASE_DE_GAULE;DGAULE3;4;11 113;11;"15°15'57,88""E";"4°17'23,31""S"
BZBSC1;CASE_DE_GAULE;DGAULE7;4;11 117;11;"15°15'57,88""E";"4°17'23,31""S"
BZBSC1;CASE_DE_GAULE;DGAULE8;4;11 118;11;"15°15'57,88""E";"4°17'23,31""S"
BZBSC1;CASE_DE_GAULE;DGAULE9;4;11 119;11;"15°15'57,88""E";"4°17'23,31""S"
BZBSC3;CASIS;CASIS1;2;13 311;13;"15°15'17,5""E";"4°12'1,37""S"
BZBSC3;CASIS;CASIS2;2;13 312;13;"15°15'17,5""E";"4°12'1,37""S"
BZBSC3;CASIS;CASIS3;2;13 313;13;"15°15'17,5""E";"4°12'1,37""S"
BZBSC3;CASIS;CASIS7;2;13 317;13;"15°15'17,5""E";"4°12'1,37""S"
BZBSC3;CASIS;CASIS8;2;13 318;13;"15°15'17,5""E";"4°12'1,37""S"
BZBSC3;CASIS;CASIS9;2;13 319;13;"15°15'17,5""E";"4°12'1,37""S"
PNBSC1;CEG_MPAKA;CEGMP1;4;21 391;21;"11°54'20""E";"4°48'48""S"
PNBSC1;CEG_MPAKA;CEGMP2;4;21 392;21;"11°54'20""E";"4°48'48""S"
PNBSC1;CEG_MPAKA;CEGMP3;4;21 393;21;"11°54'20""E";"4°48'48""S"
PNBSC1;CEG_MPAKA;CEGMP7;4;21 397;21;"11°54'20""E";"4°48'48""S"
PNBSC1;CEG_MPAKA;CEGMP8;4;21 398;21;"11°54'20""E";"4°48'48""S"
PNBSC1;CEG_MPAKA;CEGMP9;4;21 399;21;"11°54'20""E";"4°48'48""S"
BZBSC1;CHATEAU_D'EAU;CHATO11;4;11 031;11;"15°14'18,02""E";"4°16'50,92""S"
BZBSC1;CHATEAU_D'EAU;CHATO12;4;11 032;11;"15°14'18,02""E";"4°16'50,92""S"
BZBSC1;CHATEAU_D'EAU;CHATO13;4;11 033;11;"15°14'18,02""E";"4°16'50,92""S"
BZBSC1;CHATEAU_D'EAU;CHATO17;4;11 037;11;"15°14'18,02""E";"4°16'50,92""S"
BZBSC1;CHATEAU_D'EAU;CHATO18;4;11 038;11;"15°14'18,02""E";"4°16'50,92""S"
BZBSC1;CHATEAU_D'EAU;CHATO19;4;11 039;11;"15°14'18,02""E";"4°16'50,92""S"
BZBSC1;CHEIK_ANTAR;CHEIK1;4;11 701;11;"15°14'27,8""E";"4°17'59,39""S"
BZBSC1;CHEIK_ANTAR;CHEIK2;4;11 702;11;"15°14'27,8""E";"4°17'59,39""S"
BZBSC1;CHEIK_ANTAR;CHEIK3;4;11 703;11;"15°14'27,8""E";"4°17'59,39""S"
BZBSC1;CHEIK_ANTAR;CHEIK7;4;11 707;11;"15°14'27,8""E";"4°17'59,39""S"
BZBSC1;CHEIK_ANTAR;CHEIK8;4;11 708;11;"15°14'27,8""E";"4°17'59,39""S"
BZBSC1;CHEIK_ANTAR;CHEIK9;4;11 709;11;"15°14'27,8""E";"4°17'59,39""S"
BZBSC3;CHU;CHU11;4;13 041;13;"15°16'6,42""E";"4°15'53,68""S"
BZBSC3;CHU;CHU12;4;13 042;13;"15°16'6,42""E";"4°15'53,68""S"
BZBSC3;CHU;CHU13;4;13 043;13;"15°16'6,42""E";"4°15'53,68""S"
BZBSC3;CHU;CHU17;4;13 047;13;"15°16'6,42""E";"4°15'53,68""S"
BZBSC3;CHU;CHU18;4;13 048;13;"15°16'6,42""E";"4°15'53,68""S"
BZBSC3;CHU;CHU19;4;13 049;13;"15°16'6,42""E";"4°15'53,68""S"
BZBSC1;CITE_DE_17;CITE11;4;13 551;11;"15°14'18,1""E";"4°13'27,6""S"
BZBSC1;CITE_DE_17;CITE12;4;13 552;11;"15°14'18,1""E";"4°13'27,6""S"
BZBSC1;CITE_DE_17;CITE13;2;13 553;11;"15°14'18,1""E";"4°13'27,6""S"
BZBSC3;CNSS_BZV;CNSS11;4;13 051;13;"15°17'4,39""E";"4°16'27,6""S"
BZBSC3;CNSS_BZV;CNSS12;4;13 052;13;"15°17'4,39""E";"4°16'27,6""S"
BZBSC3;CNSS_BZV;CNSS13;4;13 053;13;"15°17'4,39""E";"4°16'27,6""S"
BZBSC3;CNSS_BZV;CNSS17;4;13 057;13;"15°17'4,39""E";"4°16'27,6""S"
BZBSC3;CNSS_BZV;CNSS18;4;13 058;13;"15°17'4,39""E";"4°16'27,6""S"
BZBSC3;CNSS_BZV;CNSS19;4;13 059;13;"15°17'4,39""E";"4°16'27,6""S"
PNBSC2;COLBAMBA;CBAMBA1;4;22 041;22;"12°39'41,4""E";"4°19'42,1""S"
BZBSC3;COMMERCIAL;COMERC7;4;13 067;13;"15°16'39,08""E";"4°16'41,86""S"
BZBSC3;COMMERCIAL;COMERC8;4;13 068;13;"15°16'39,08""E";"4°16'41,86""S"
BZBSC3;COMMERCIAL;COMERC9;4;13 069;13;"15°16'39,08""E";"4°16'41,86""S"
PNBSC1;COTEMATEV;MATEV1;4;21 451;21;"11°55'30""E";"4°52'31""S"
PNBSC1;COTEMATEV;MATEV2;4;21 452;21;"11°55'30""E";"4°52'31""S"
PNBSC1;COTEMATEV;MATEV3;4;21 453;21;"11°55'30""E";"4°52'31""S"
PNBSC1;COTEMATEV;MATEV7;4;21 457;21;"11°55'30""E";"4°52'31""S"
PNBSC1;COTEMATEV;MATEV8;4;21 458;21;"11°55'30""E";"4°52'31""S"
PNBSC1;COTEMATEV;MATEV9;4;21 459;21;"11°55'30""E";"4°52'31""S"
BZBSC1;DIATA1;DIATA11;4;11 121;11;"15°14'39,01""E";"4°16'23,05""S"
BZBSC1;DIATA1;DIATA12;2;11 122;11;"15°14'39,01""E";"4°16'23,05""S"
BZBSC1;DIATA1;DIATA13;4;11 123;11;"15°14'39,01""E";"4°16'23,05""S"
BZBSC1;DIATA1;DIATA17;2;11 127;11;"15°14'39,01""E";"4°16'23,05""S"
BZBSC1;DIATA1;DIATA18;4;11 128;11;"15°14'39,01""E";"4°16'23,05""S"
BZBSC1;DIATA1;DIATA19;4;11 129;11;"15°14'39,01""E";"4°16'23,05""S"
BZBSC1;DIATA2;DIATA21;4;11 431;11;"15°14'19,43""E";"4°16'22,69""S"
BZBSC1;DIATA2;DIATA22;2;11 432;11;"15°14'19,43""E";"4°16'22,69""S"
BZBSC1;DIATA2;DIATA23;4;11 433;11;"15°14'19,43""E";"4°16'22,69""S"
BZBSC1;DIATA2;DIATA27;4;11 437;11;"15°14'19,43""E";"4°16'22,69""S"
BZBSC1;DIATA2;DIATA28;4;11 438;11;"15°14'19,43""E";"4°16'22,69""S"
BZBSC1;DIATA2;DIATA29;4;11 439;11;"15°14'19,43""E";"4°16'22,69""S"
PNBSC3;DIOSSO;DIOSSO1;2;23 321;23;"11°50'30,7""E";"4°37'59,8""S"
PNBSC3;DIOSSO;DIOSSO2;4;23 322;23;"11°50'30,7""E";"4°37'59,8""S"
PNBSC3;DIOSSO;DIOSSO3;4;23 323;23;"11°50'30,7""E";"4°37'59,8""S"
PNBSC2;DIVENIE;DIVENI1;2;22 051;22;"12°1'25""E";"2°42'36,2""S"
PNBSC2;DIVENIE;DIVENI2;2;22 052;22;"12°1'25""E";"2°42'36,2""S"
PNBSC2;DIVENIE;DIVENI3;2;22 053;22;"12°1'25""E";"2°42'36,2""S"
BZBSC2;DJAMBALA;DJAMBA1;4;12 401;12;"14°45'18,5""E";"2°32'28,3""S"
BZBSC2;DJAMBALA;DJAMBA2;2;12 402;12;"14°45'18,5""E";"2°32'28,3""S"
BZBSC2;DJAMBALA;DJAMBA3;2;12 403;12;"14°45'18,5""E";"2°32'28,3""S"
PNBSC1;DJENO;DJENNO1;4;21 341;21;"11°56'31,42""E";"4°54'31,64""S"
PNBSC1;DJENO;DJENNO2;4;21 342;21;"11°56'31,42""E";"4°54'31,64""S"
PNBSC1;DJENO;DJENNO3;2;21 343;21;"11°56'31,42""E";"4°54'31,64""S"
BZBSC3;DJIRI;DJIRI11;4;13 331;13;"15°20'26,92""E";"4°9'10,01""S"
BZBSC3;DJIRI;DJIRI12;2;13 332;13;"15°20'26,92""E";"4°9'10,01""S"
BZBSC3;DJIRI;DJIRI13;4;13 333;13;"15°20'26,92""E";"4°9'10,01""S"
BZBSC1;DJOUEBRIDGE;DJOUEB1;2;11 721;11;"15°13'21,6""E";"4°18'33,3""S"
BZBSC1;DJOUEBRIDGE;DJOUEB2;2;11 722;11;"15°13'21,6""E";"4°18'33,3""S"
BZBSC1;DJOUEBRIDGE;DJOUEB3;2;11 723;11;"15°13'21,6""E";"4°18'33,3""S"
BZBSC1;DJOUEBRIDGE;DJOUEB7;4;11 727;11;"15°13'21,6""E";"4°18'33,3""S"
BZBSC1;DJOUEBRIDGE;DJOUEB8;4;11 728;11;"15°13'21,6""E";"4°18'33,3""S"
BZBSC1;DJOUEBRIDGE;DJOUEB9;4;11 729;11;"15°13'21,6""E";"4°18'33,3""S"
PNBSC2;DOLISIE1;DOLIZ11;4;22 071;22;"12°41'49,53""E";"4°11'10,02""S"
PNBSC2;DOLISIE1;DOLIZ12;4;22 072;22;"12°41'49,53""E";"4°11'10,02""S"
PNBSC2;DOLISIE1;DOLIZ13;4;22 073;22;"12°41'49,53""E";"4°11'10,02""S"
PNBSC2;DOLISIE1;DOLIZ18;4;22 078;22;"12°41'49,53""E";"4°11'10,02""S"
PNBSC2;DOLISIE1;DOLIZ19;4;22 079;22;"12°41'49,53""E";"4°11'10,02""S"
PNBSC2;DOLISIE2;DOLIZ21;4;22 081;22;"12°40'15,76""E";"4°12'3,59""S"
PNBSC2;DOLISIE2;DOLIZ22;4;22 082;22;"12°40'15,76""E";"4°12'3,59""S"
PNBSC2;DOLISIE2;DOLIZ23;4;22 083;22;"12°40'15,76""E";"4°12'3,59""S"
PNBSC2;DOLISIE2;DOLIZ27;4;22 087;22;"12°40'15,76""E";"4°12'3,59""S"
PNBSC2;DOLISIE2;DOLIZ28;4;22 088;22;"12°40'15,76""E";"4°12'3,59""S"
PNBSC2;DOLISIE2;DOLIZ29;4;22 089;22;"12°40'15,76""E";"4°12'3,59""S"
PNBSC2;DOLISIE3;DOLIZ31;4;22 131;22;"12°41'30,48""E";"4°12'56,99""S"
PNBSC2;DOLISIE3;DOLIZ32;4;22 132;22;"12°41'30,48""E";"4°12'56,99""S"
PNBSC2;DOLISIE3;DOLIZ33;4;22 133;22;"12°41'30,48""E";"4°12'56,99""S"
PNBSC2;DOLISIE3;DOLIZ37;4;22 137;22;"12°41'30,48""E";"4°12'56,99""S"
PNBSC2;DOLISIE3;DOLIZ38;4;22 138;22;"12°41'30,48""E";"4°12'56,99""S"
PNBSC2;DOLISIE3;DOLIZ39;4;22 139;22;"12°41'30,48""E";"4°12'56,99""S"
PNBSC2;DOLISIE4;DOLIZ41;4;22 191;22;"12°39'37,08""E";"4°10'19,81""S"
PNBSC2;DOLISIE4;DOLIZ42;4;22 192;22;"12°39'37,08""E";"4°10'19,81""S"
PNBSC2;DOLISIE4;DOLIZ43;4;22 193;22;"12°39'37,08""E";"4°10'19,81""S"
PNBSC2;DOLISIE4;DOLIZ47;4;22 197;22;"12°39'37,08""E";"4°10'19,81""S"
PNBSC2;DOLISIE4;DOLIZ48;4;22 198;22;"12°39'37,08""E";"4°10'19,81""S"
PNBSC2;DOLISIE4;DOLIZ49;4;22 199;22;"12°39'37,08""E";"4°10'19,81""S"
HWBSC01;DONGOU;DONGOU1;4;14 161;14;"18°3'0,72""E";"2°2'46,28""N"
HWBSC01;DONGOU;DONGOU2;4;14 162;14;"18°3'0,72""E";"2°2'46,28""N"
HWBSC01;DONGOU;DONGOU3;4;14 163;14;"18°3'0,72""E";"2°2'46,28""N"
BZBSC2;DOUMA;DOUMA1;2;12 021;12;"15°16'46,9""E";"1°35'18,2""N"
BZBSC2;DOUMA;DOUMA2;2;12 022;12;"15°16'46,9""E";"1°35'18,2""N"
BZBSC2;DOUMAKENIA;DOUMAK1;2;12 411;12;"15°47'39,2""E";"1°12'25,1""N"
BZBSC2;DOUMAKENIA;DOUMAK2;2;12 412;12;"15°47'39,2""E";"1°12'25,1""N"
BZBSC2;DOUMAKENIA;DOUMAK3;2;12 413;12;"15°47'39,2""E";"1°12'25,1""N"
PNBSC2;DOUMANGA;DMANGA1;2;22 061;22;"12°13'28,3""E";"4°25'5,8""S"
PNBSC2;DOUMANGA;DMANGA2;2;22 062;22;"12°13'28,3""E";"4°25'5,8""S"
PNBSC2;DOUMANGA;DMANGA3;2;22 063;22;"12°13'28,3""E";"4°25'5,8""S"
PNBSC2;DOUMANI;DUMANI1;2;22 091;22;"12°47'4,4""E";"2°10'27,3""S"
PNBSC2;DOUMANI;DUMANI2;2;22 092;22;"12°47'4,4""E";"2°10'27,3""S"
PNBSC2;DOUMANI;DUMANI3;2;22 093;22;"12°47'4,4""E";"2°10'27,3""S"
PNBSC2;DOUNGOU;DOUNGU1;2;22 101;22;"11°40'23,7""E";"4°13'29,7""S"
PNBSC2;DOUNGOU;DOUNGU2;2;22 102;22;"11°40'23,7""E";"4°13'29,7""S"
PNBSC2;DOUNGOU;DOUNGU3;2;22 103;22;"11°40'23,7""E";"4°13'29,7""S"
BZBSC3;DRAGAGE;DRAGA7;4;13 037;13;"15°17'37,78""E";"4°14'12,55""S"
BZBSC3;DRAGAGE;DRAGA8;4;13 038;13;"15°17'37,78""E";"4°14'12,55""S"
BZBSC3;DRAGAGE;DRAGA9;4;13 039;13;"15°17'37,78""E";"4°14'12,55""S"
BZBSC3;DTMTN;DTMTN11;4;13 091;13;"15°17'19,54""E";"4°16'16,1""S"
BZBSC3;DTMTN;DTMTN12;4;13 092;13;"15°17'19,54""E";"4°16'16,1""S"
BZBSC3;DTMTN;DTMTN13;4;13 093;13;"15°17'19,54""E";"4°16'16,1""S"
BZBSC3;DTMTN;DTMTN17;4;13 097;13;"15°17'19,54""E";"4°16'16,1""S"
BZBSC3;DTMTN;DTMTN18;4;13 098;13;"15°17'19,54""E";"4°16'16,1""S"
BZBSC3;DTMTN;DTMTN19;4;13 099;13;"15°17'19,54""E";"4°16'16,1""S"
BZBSC2;EDOU;EDOU1;4;12 831;12;"15°57'8,6""E";"1°6'39,4""S"
BZBSC2;EDOU;EDOU2;4;12 832;12;"15°57'8,6""E";"1°6'39,4""S"
BZBSC2;EDOU;EDOU3;4;12 833;12;"15°57'8,6""E";"1°6'39,4""S"
PNBSC3;ELF;ELF11;8;23 331;23;"11°51'16,9""E";"4°46'50,2""S"
PNBSC3;ELF;ELF12;8;23 332;23;"11°51'16,9""E";"4°46'50,2""S"
PNBSC3;ELF;ELF13;8;23 333;23;"11°51'16,9""E";"4°46'50,2""S"
PNBSC3;ELF;ELF17;4;23 337;23;"11°51'16,9""E";"4°46'50,2""S"
PNBSC3;ELF;ELF18;4;23 338;23;"11°51'16,9""E";"4°46'50,2""S"
PNBSC3;ELF;ELF19;4;23 339;23;"11°51'16,9""E";"4°46'50,2""S"
BZBSC2;ELOUNA;ELOUNA1;2;12 421;12;"15°55'0,12""E";"2°30'0""S"
BZBSC2;ELOUNA;ELOUNA2;2;12 422;12;"15°55'0,12""E";"2°30'0""S"
HWBSC01;EPENA;EPENA1;2;14 181;14;"17°27'32,04""E";"1°21'51,01""N"
HWBSC01;EPENA;EPENA2;2;14 182;14;"17°27'32,04""E";"1°21'51,01""N"
HWBSC01;EPENA;EPENA3;2;14 183;14;"17°27'32,04""E";"1°21'51,01""N"
BZBSC2;ETOMBI;ETOUMB1;2;12 791;12;"14°52'27,4""E";"0°0'30,9""N"
BZBSC2;ETOMBI;ETOUMB2;2;12 792;12;"14°52'27,4""E";"0°0'30,9""N"
BZBSC2;ETOMBI;ETOUMB3;2;12 793;12;"14°52'27,4""E";"0°0'30,9""N"
BZBSC2;ETSOUALI;ETSUAL1;2;12 131;12;"15°33'12,24""E";"2°51'15,8""S"
BZBSC2;ETSOUALI;ETSUAL2;2;12 132;12;"15°33'12,24""E";"2°51'15,8""S"
BZBSC2;EWO;EWO1;2;12 841;12;"14°52'13,08""E";"0°53'53,4""S"
BZBSC2;EWO;EWO2;2;12 842;12;"14°52'13,08""E";"0°53'53,4""S"
BZBSC2;EWO;EWO3;6;12 843;12;"14°52'13,08""E";"0°53'53,4""S"
BZBSC2;EWO_A;EWOA1;4;12 471;12;"14°49'28,67""E";"0°53'20,47""S"
BZBSC2;EWO_A;EWOA2;4;12 472;12;"14°49'28,67""E";"0°53'20,47""S"
BZBSC2;EWO_A;EWOA3;4;12 473;12;"14°49'28,67""E";"0°53'20,47""S"
BZBSC2;EWO_A;EWOA7;6;12 477;12;"14°49'28,67""E";"0°53'20,47""S"
BZBSC2;EWO_A;EWOA8;4;12 478;12;"14°49'28,67""E";"0°53'20,47""S"
BZBSC2;EWO_A;EWOA9;6;12 479;12;"14°49'28,67""E";"0°53'20,47""S"
BZBSC1;EX-TRESOR;XTRESO7;4;11 717;11;"15°16'11,39""E";"4°16'49,26""S"
BZBSC1;EX-TRESOR;XTRESO8;4;11 718;11;"15°16'11,39""E";"4°16'49,26""S"
BZBSC1;EX-TRESOR;XTRESO9;4;11 719;11;"15°16'11,39""E";"4°16'49,26""S"
PNBSC3;FAUBOURG;FOBOUR7;4;23 347;23;"11°52'9,26""E";"4°45'24,41""S"
PNBSC3;FAUBOURG;FOBOUR8;4;23 348;23;"11°52'9,26""E";"4°45'24,41""S"
PNBSC3;FAUBOURG;FOBOUR9;4;23 349;23;"11°52'9,26""E";"4°45'24,41""S"
BZBSC3;FERME;FERME1;4;13 691;13;"15°16'25,58""E";"4°13'10,54""S"
BZBSC3;FERME;FERME2;4;13 692;13;"15°16'25,58""E";"4°13'10,54""S"
BZBSC3;FERME;FERME3;4;13 693;13;"15°16'25,58""E";"4°13'10,54""S"
BZBSC3;FERME;FERME7;4;13 697;13;"15°16'25,58""E";"4°13'10,54""S"
BZBSC3;FERME;FERME8;4;13 698;13;"15°16'25,58""E";"4°13'10,54""S"
BZBSC3;FERME;FERME9;4;13 699;13;"15°16'25,58""E";"4°13'10,54""S"
PNBSC1;FOND_TIETIE;FONTI7;6;21 357;21;"11°53'59,46""E";"4°47'53,81""S"
PNBSC1;FOND_TIETIE;FONTI8;6;21 358;21;"11°53'59,46""E";"4°47'53,81""S"
PNBSC1;FOND_TIETIE;FONTI9;6;21 359;21;"11°53'59,46""E";"4°47'53,81""S"
PNBSC2;FORALAC;FORALA1;2;22 241;22;"12°40'25,32""E";"3°26'27,49""S"
PNBSC2;FORALAC;FORALA2;2;22 242;22;"12°40'25,32""E";"3°26'27,49""S"
PNBSC2;FORALAC;FORALA3;2;22 243;22;"12°40'25,32""E";"3°26'27,49""S"
PNBSC3;FOREMAN;FOREMA7;4;23 637;23;"11°52'22,14""E";"4°46'56,49""S"
PNBSC3;FOREMAN;FOREMA8;4;23 638;23;"11°52'22,14""E";"4°46'56,49""S"
PNBSC3;FOREMAN;FOREMA9;4;23 639;23;"11°52'22,14""E";"4°46'56,49""S"
PNBSC3;FOUKS;FOUCS7;4;23 357;23;"11°52'47,21""E";"4°46'43,82""S"
PNBSC3;FOUKS;FOUCS8;4;23 358;23;"11°52'47,21""E";"4°46'43,82""S"
PNBSC3;FOUKS;FOUCS9;4;23 359;23;"11°52'47,21""E";"4°46'43,82""S"
PNBSC1;FOUTA;FUTA11;2;21 361;21;"11°58'42""E";"4°57'35""S"
PNBSC1;FOUTA;FUTA12;2;21 362;21;"11°58'42""E";"4°57'35""S"
PNBSC1;FOUTA;FUTA13;2;21 363;21;"11°58'42""E";"4°57'35""S"
BZBSC2;GAMBOMA;GMBOMA1;4;12 431;12;"15°52'23,5""E";"1°52'22,5""S"
BZBSC2;GAMBOMA;GMBOMA2;4;12 432;12;"15°52'23,5""E";"1°52'22,5""S"
BZBSC2;GAMBOMA;GMBOMA3;2;12 433;12;"15°52'23,5""E";"1°52'22,5""S"
PNBSC2;GARETHOMAS;THOMAS1;2;22 441;22;"12°39'25,6""E";"3°4'41,2""S"
PNBSC2;GARETHOMAS;THOMAS2;2;22 442;22;"12°39'25,6""E";"3°4'41,2""S"
PNBSC2;GARETHOMAS;THOMAS3;2;22 443;22;"12°39'25,6""E";"3°4'41,2""S"
PNBSC1;GAYA;GAYYA11;4;21 381;21;"11°52'57,1""E";"4°49'58,1""S"
PNBSC1;GAYA;GAYYA12;2;21 382;21;"11°52'57,1""E";"4°49'58,1""S"
PNBSC1;GAYA;GAYYA13;2;21 383;21;"11°52'57,1""E";"4°49'58,1""S"
PNBSC1;GAYA;GAYYA17;2;21 387;21;"11°52'57,1""E";"4°49'58,1""S"
PNBSC1;GAYA;GAYYA18;2;21 388;21;"11°52'57,1""E";"4°49'58,1""S"
PNBSC1;GAYA;GAYYA19;2;21 389;21;"11°52'57,1""E";"4°49'58,1""S"
BZBSC2;GOMATSETSE;GOMATS1;4;15 271;15;"15°6'31,2""E";"4°15'1,7""S"
BZBSC2;GOMATSETSE;GOMATS2;4;15 272;15;"15°6'31,2""E";"4°15'1,7""S"
BZBSC2;GOMATSETSE;GOMATS3;4;15 273;15;"15°6'31,2""E";"4°15'1,7""S"
PNBSC2;HINDA;HINDA1;2;22 111;22;"12°2'35,8""E";"4°36'28,4""S"
PNBSC2;HINDA;HINDA2;2;22 112;22;"12°2'35,8""E";"4°36'28,4""S"
PNBSC2;HINDA;HINDA3;2;22 113;22;"12°2'35,8""E";"4°36'28,4""S"
BZBSC3;HQ_BZV;HQMTN7;6;13 407;13;"15°17'7,44""E";"4°16'30,61""S"
BZBSC3;HQ_BZV;HQMTN9;6;13 409;13;"15°17'7,44""E";"4°16'30,61""S"
PNBSC3;HQ-PNR;HQPN1;4;23 361;23;"11°50'23,28""E";"4°47'59,82""S"
PNBSC3;HQ-PNR;HQPN2;4;23 362;23;"11°50'23,28""E";"4°47'59,82""S"
PNBSC3;HQ-PNR;HQPN3;2;23 363;23;"11°50'23,28""E";"4°47'59,82""S"
PNBSC3;HQ-PNR;HQPN7;4;23 367;23;"11°50'23,28""E";"4°47'59,82""S"
PNBSC3;HQ-PNR;HQPN8;4;23 368;23;"11°50'23,28""E";"4°47'59,82""S"
PNBSC3;HQ-PNR;HQPN9;2;23 369;23;"11°50'23,28""E";"4°47'59,82""S"
BZBSC2;IBEKE;IBEKE1;2;12 441;12;"15°54'24,1""E";"0°41'8,5""S"
BZBSC2;IBEKE;IBEKE2;2;12 442;12;"15°54'24,1""E";"0°41'8,5""S"
BZBSC2;IBEKE;IBEKE3;2;12 443;12;"15°54'24,1""E";"0°41'8,5""S"
BZBSC2;IBELIMA;IBELI1;2;12 451;12;"15°20'49,5""E";"0°35'12,5""N"
BZBSC2;IBELIMA;IBELI2;2;12 452;12;"15°20'49,5""E";"0°35'12,5""N"
BZBSC2;IBELIMA;IBELI3;2;12 453;12;"15°20'49,5""E";"0°35'12,5""N"
BZBSC2;IMBAMA;IMBAM1;2;12 071;12;"15°40'0,48""E";"3°27'56,48""S"
BZBSC2;IMBAMA;IMBAM2;2;12 072;12;"15°40'0,48""E";"3°27'56,48""S"
BZBSC2;IMBAMA;IMBAM3;2;12 073;12;"15°40'0,48""E";"3°27'56,48""S"
BZBSC2;IMBOULOU;IMBOUL1;2;12 081;12;"16°2'39,84""E";"2°58'57,9""S"
BZBSC2;IMBOULOU;IMBOUL2;2;12 082;12;"16°2'39,84""E";"2°58'57,9""S"
HWBSC01;IMPFONDO1;MFODO11;4;12 551;12;"18°3'49""E";"1°37'0""N"
HWBSC01;IMPFONDO1;MFODO12;4;12 552;12;"18°3'49""E";"1°37'0""N"
HWBSC01;IMPFONDO1;MFODO13;4;12 553;12;"18°3'49""E";"1°37'0""N"
HWBSC01;IMPFONDO2;MFODO21;2;14 191;14;"18°3'36""E";"1°34'31,8""N"
HWBSC01;IMPFONDO2;MFODO22;2;14 192;14;"18°3'36""E";"1°34'31,8""N"
HWBSC01;IMPFONDO2;MFODO23;2;14 193;14;"18°3'36""E";"1°34'31,8""N"
BZBSC2;INGOUELE;INGOUE1;2;12 091;12;"16°8'34,8""E";"1°53'8,02""S"
BZBSC2;INGOUELE;INGOUE2;2;12 092;12;"16°8'34,8""E";"1°53'8,02""S"
BZBSC2;INGOUELE;INGOUE3;2;12 093;12;"16°8'34,8""E";"1°53'8,02""S"
HWBSC01;IPENDZA;INPENZ1;2;14 041;14;"17°11'0,24""E";"2°37'58,3""N"
HWBSC01;IPENDZA;INPENZ2;2;14 042;14;"17°11'0,24""E";"2°37'58,3""N"
BZBSC3;JACQUES_OPANGAULT;OPANGO1;2;13 321;13;"15°16'3,9""E";"4°11'38,22""S"
BZBSC3;JACQUES_OPANGAULT;OPANGO2;2;13 322;13;"15°16'3,9""E";"4°11'38,22""S"
BZBSC3;JACQUES_OPANGAULT;OPANGO3;2;13 323;13;"15°16'3,9""E";"4°11'38,22""S"
BZBSC3;JEANNE_VIALLE;VIALLE1;4;13 441;13;"15°16'41,3""E";"4°14'59,39""S"
BZBSC3;JEANNE_VIALLE;VIALLE2;2;13 442;13;"15°16'41,3""E";"4°14'59,39""S"
BZBSC3;JEANNE_VIALLE;VIALLE3;4;13 443;13;"15°16'41,3""E";"4°14'59,39""S"
BZBSC3;JEANNE_VIALLE;VIALLE7;4;13 447;13;"15°16'41,3""E";"4°14'59,39""S"
BZBSC3;JEANNE_VIALLE;VIALLE8;4;13 448;13;"15°16'41,3""E";"4°14'59,39""S"
BZBSC3;JEANNE_VIALLE;VIALLE9;4;13 449;13;"15°16'41,3""E";"4°14'59,39""S"
HWBSC01;KABO;KABO1;2;14 021;14;"16°5'8,52""E";"2°3'4,61""N"
HWBSC01;KABO;KABO2;2;14 022;14;"16°5'8,52""E";"2°3'4,61""N"
HWBSC01;KABO;KABO3;2;14 023;14;"16°5'8,52""E";"2°3'4,61""N"
PNBSC2;KAKAMOUEKA;MOUEKA1;2;22 961;22;"12°3'49,32""E";"4°7'52,28""S"
PNBSC2;KAKAMOUEKA;MOUEKA2;2;22 962;22;"12°3'49,32""E";"4°7'52,28""S"
PNBSC2;KAKAMOUEKA;MOUEKA3;2;22 963;22;"12°3'49,32""E";"4°7'52,28""S"
BZBSC2;KEBARA;KBARA1;2;12 001;12;"14°25'15,96""E";"2°27'1,12""S"
BZBSC2;KEBARA;KBARA2;2;12 002;12;"14°25'15,96""E";"2°27'1,12""S"
BZBSC2;KEBARA;KBARA3;2;12 003;12;"14°25'15,96""E";"2°27'1,12""S"
BZBSC2;KEBILI;KBILI1;2;12 121;12;"14°30'32,3""E";"0°52'12,8""S"
BZBSC2;KEBILI;KBILI2;2;12 122;12;"14°30'32,3""E";"0°52'12,8""S"
BZBSC2;KEBILI;KBILI3;2;12 123;12;"14°30'32,3""E";"0°52'12,8""S"
BZBSC2;KELLE;KELE1;2;12 141;12;"14°33'17,5""E";"0°6'20,7""S"
BZBSC2;KELLE;KELE2;2;12 142;12;"14°33'17,5""E";"0°6'20,7""S"
BZBSC2;KENGUE;KENGUE1;2;15 031;15;"13°52'5,16""E";"3°7'50,99""S"
BZBSC2;KENGUE;KENGUE2;2;15 032;15;"13°52'5,16""E";"3°7'50,99""S"
BZBSC2;KENGUE;KENGUE3;2;15 033;15;"13°52'5,16""E";"3°7'50,99""S"
BZBSC2;KIANI;KIANI1;2;12 461;12;"15°35'48,4""E";"3°13'34,6""S"
BZBSC2;KIANI;KIANI2;2;12 462;12;"15°35'48,4""E";"3°13'34,6""S"
BZBSC2;KIANI;KIANI3;2;12 463;12;"15°35'48,4""E";"3°13'34,6""S"
BZBSC2;KIBAMBA;KIBABA1;2;15 901;15;"14°4'1,2""E";"3°49'0,08""S"
BZBSC2;KIBAMBA;KIBABA2;2;15 902;15;"14°4'1,2""E";"3°49'0,08""S"
PNBSC2;KIBANGOU;KIBNGU1;2;22 121;22;"12°19'16,04""E";"3°28'51,19""S"
PNBSC2;KIBANGOU;KIBNGU2;2;22 122;22;"12°19'16,04""E";"3°28'51,19""S"
PNBSC2;KIBANGOU;KIBNGU3;2;22 123;22;"12°19'16,04""E";"3°28'51,19""S"
PNBSC2;KIMONGO;KMONGO1;2;22 951;22;"12°54'57,3""E";"4°28'48,8""S"
PNBSC2;KIMONGO;KMONGO2;2;22 952;22;"12°54'57,3""E";"4°28'48,8""S"
PNBSC2;KIMONGO;KMONGO3;2;22 953;22;"12°54'57,3""E";"4°28'48,8""S"
BZBSC2;KIMPALANGA;KIPALA1;2;15 241;15;"13°24'42,48""E";"4°10'39,68""S"
BZBSC2;KIMPALANGA;KIPALA2;2;15 242;15;"13°24'42,48""E";"4°10'39,68""S"
BZBSC2;KIMPALANGA;KIPALA3;2;15 243;15;"13°24'42,48""E";"4°10'39,68""S"
BZBSC1;KINGOUARI;KIGUAR1;4;11 641;11;"15°13'37,4""E";"4°17'1,9""S"
BZBSC1;KINGOUARI;KIGUAR2;4;11 642;11;"15°13'37,4""E";"4°17'1,9""S"
BZBSC1;KINGOUARI;KIGUAR3;4;11 643;11;"15°13'37,4""E";"4°17'1,9""S"
BZBSC1;KINGOUARI;KIGUAR7;4;11 647;11;"15°13'37,4""E";"4°17'1,9""S"
BZBSC1;KINGOUARI;KIGUAR8;4;11 648;11;"15°13'37,4""E";"4°17'1,9""S"
BZBSC1;KINGOUARI;KIGUAR9;4;11 649;11;"15°13'37,4""E";"4°17'1,9""S"
BZBSC2;KINGOUE;KINGUE1;2;15 171;15;"14°9'17,5""E";"3°42'38,4""S"
BZBSC2;KINGOUE;KINGUE2;2;15 172;15;"14°9'17,5""E";"3°42'38,4""S"
BZBSC2;KINGOUE;KINGUE3;2;15 173;15;"14°9'17,5""E";"3°42'38,4""S"
BZBSC2;KINGOYE;KNGOYE1;4;15 121;15;"13°35'34,4""E";"4°15'51,8""S"
BZBSC2;KINGOYE;KNGOYE2;2;15 122;15;"13°35'34,4""E";"4°15'51,8""S"
BZBSC2;KINGOYE;KNGOYE3;2;15 123;15;"13°35'34,4""E";"4°15'51,8""S"
BZBSC2;KINKALA;KNKALA1;4;15 201;15;"14°47'43,1""E";"4°20'40,6""S"
BZBSC2;KINKALA;KNKALA2;4;15 202;15;"14°47'43,1""E";"4°20'40,6""S"
BZBSC2;KINKALA;KNKALA3;4;15 203;15;"14°47'43,1""E";"4°20'40,6""S"
BZBSC2;KINKALA2;KNKAL21;8;15 261;15;"14°45'20,56""E";"4°21'51,77""S"
BZBSC2;KINKALA2;KNKAL22;8;15 262;15;"14°45'20,56""E";"4°21'51,77""S"
BZBSC2;KINKALA2;KNKAL23;8;15 263;15;"14°45'20,56""E";"4°21'51,77""S"
BZBSC2;KINKALA2;KNKAL27;8;15 267;15;"14°45'20,56""E";"4°21'51,77""S"
BZBSC2;KINKALA2;KNKAL28;8;15 268;15;"14°45'20,56""E";"4°21'51,77""S"
BZBSC2;KINKALA2;KNKAL29;8;15 269;15;"14°45'20,56""E";"4°21'51,77""S"
BZBSC1;KINSOUNDI;KSUNDI1;4;11 131;11;"15°13'1,42""E";"4°17'5,75""S"
BZBSC1;KINSOUNDI;KSUNDI2;4;11 132;11;"15°13'1,42""E";"4°17'5,75""S"
BZBSC1;KINSOUNDI;KSUNDI3;4;11 133;11;"15°13'1,42""E";"4°17'5,75""S"
BZBSC1;KINSOUNDI;KSUNDI7;4;11 137;11;"15°13'1,42""E";"4°17'5,75""S"
BZBSC1;KINSOUNDI;KSUNDI8;4;11 138;11;"15°13'1,42""E";"4°17'5,75""S"
BZBSC1;KINSOUNDI;KSUNDI9;4;11 139;11;"15°13'1,42""E";"4°17'5,75""S"
PNBSC2;KISSILA;KISSIL1;4;22 141;22;"12°11'39""E";"4°26'24""S"
PNBSC3;KM4_1;KM411;4;23 371;23;"11°51'46,1""E";"4°47'44,7""S"
PNBSC3;KM4_1;KM412;4;23 372;23;"11°51'46,1""E";"4°47'44,7""S"
PNBSC3;KM4_1;KM413;4;23 373;23;"11°51'46,1""E";"4°47'44,7""S"
PNBSC3;KM4_1;KM417;8;23 377;23;"11°51'46,1""E";"4°47'44,7""S"
PNBSC3;KM4_1;KM418;4;23 378;23;"11°51'46,1""E";"4°47'44,7""S"
PNBSC3;KM4_1;KM419;8;23 379;23;"11°51'46,1""E";"4°47'44,7""S"
PNBSC1;KM4_2;KM421;4;21 411;21;"11°52'20""E";"4°48'23""S"
PNBSC1;KM4_2;KM422;2;21 412;21;"11°52'20""E";"4°48'23""S"
PNBSC1;KM4_2;KM423;4;21 413;21;"11°52'20""E";"4°48'23""S"
PNBSC1;KM4_2;KM427;4;21 417;21;"11°52'20""E";"4°48'23""S"
PNBSC1;KM4_2;KM428;2;21 418;21;"11°52'20""E";"4°48'23""S"
PNBSC1;KM4_2;KM429;4;21 419;21;"11°52'20""E";"4°48'23""S"
PNBSC2;KOLA;KOLA1;2;22 151;22;"12°3'53,8""E";"3°50'2,5""S"
PNBSC2;KOLA;KOLA2;2;22 152;22;"12°3'53,8""E";"3°50'2,5""S"
PNBSC2;KOLA;KOLA3;2;22 153;22;"12°3'53,8""E";"3°50'2,5""S"
PNBSC2;KOMONO;KOMONO1;2;22 611;22;"13°17'21,7""E";"3°14'58,2""S"
PNBSC2;KOMONO;KOMONO2;2;22 612;22;"13°17'21,7""E";"3°14'58,2""S"
PNBSC2;KOMONO;KOMONO3;2;22 613;22;"13°17'21,7""E";"3°14'58,2""S"
PNBSC1;KOUNDJI;KOUNDJ1;2;21 421;21;"12°7'10,42""E";"4°50'29,54""S"
PNBSC1;KOUNDJI;KOUNDJ2;2;21 422;21;"12°7'10,42""E";"4°50'29,54""S"
PNBSC1;KOUNDJI;KOUNDJ3;2;21 423;21;"12°7'10,42""E";"4°50'29,54""S"
BZBSC1;LABASE;BASE11;4;11 021;11;"15°14'39,08""E";"4°14'40,77""S"
BZBSC1;LABASE;BASE12;4;11 022;11;"15°14'39,08""E";"4°14'40,77""S"
BZBSC1;LABASE;BASE13;4;11 023;11;"15°14'39,08""E";"4°14'40,77""S"
BZBSC1;LABASE;BASE17;4;11 027;11;"15°14'39,08""E";"4°14'40,77""S"
BZBSC1;LABASE;BASE18;4;11 028;11;"15°14'39,08""E";"4°14'40,77""S"
BZBSC1;LABASE;BASE19;4;11 029;11;"15°14'39,08""E";"4°14'40,77""S"
BZBSC1;LAC;LAC1;4;11 141;11;"15°9'23,36""E";"4°19'30""S"
BZBSC1;LAC;LAC2;4;11 142;11;"15°9'23,36""E";"4°19'30""S"
BZBSC1;LAC;LAC3;4;11 143;11;"15°9'23,36""E";"4°19'30""S"
BZBSC1;LAC;LAC7;4;11 147;11;"15°9'23,36""E";"4°19'30""S"
BZBSC1;LAC;LAC8;4;11 148;11;"15°9'23,36""E";"4°19'30""S"
BZBSC1;LAC;LAC9;4;11 149;11;"15°9'23,36""E";"4°19'30""S"
BZBSC2;LEKANA;LEKANA1;2;12 481;12;"14°34'46""E";"2°19'33,6""S"
BZBSC2;LEKANA;LEKANA2;2;12 482;12;"14°34'46""E";"2°19'33,6""S"
BZBSC2;LEKANA;LEKANA3;2;12 483;12;"14°34'46""E";"2°19'33,6""S"
BZBSC2;LEKETI;LEKETI1;2;12 491;12;"14°57'7,88""E";"1°35'7,4""S"
BZBSC2;LEKETI;LEKETI2;2;12 492;12;"14°57'7,88""E";"1°35'7,4""S"
BZBSC2;LEKETI;LEKETI3;2;12 493;12;"14°57'7,88""E";"1°35'7,4""S"
PNBSC2;LESSARA;LESARA1;2;22 631;22;"12°21'16""E";"4°21'52,98""S"
PNBSC2;LESSARA;LESARA2;2;22 632;22;"12°21'16""E";"4°21'52,98""S"
PNBSC2;LESSARA;LESARA3;2;22 633;22;"12°21'16""E";"4°21'52,98""S"
PNBSC2;LIAMBO;LIAMBO1;2;22 161;22;"11°58'48""E";"4°39'1""S"
PNBSC2;LIAMBO;LIAMBO2;2;22 162;22;"11°58'48""E";"4°39'1""S"
PNBSC2;LIAMBO;LIAMBO3;2;22 163;22;"11°58'48""E";"4°39'1""S"
BZBSC3;LIFOULA;LIFUL1;2;13 421;13;"15°22'9,8""E";"4°5'11,6""S"
BZBSC3;LIFOULA;LIFUL2;2;13 422;13;"15°22'9,8""E";"4°5'11,6""S"
BZBSC3;LIFOULA;LIFUL3;2;13 423;13;"15°22'9,8""E";"4°5'11,6""S"
BZBSC2;LINZOLO;LINZOL1;4;15 001;15;"15°7'39,5""E";"4°24'10,3""S"
BZBSC2;LINZOLO;LINZOL2;2;15 002;15;"15°7'39,5""E";"4°24'10,3""S"
BZBSC2;LINZOLO;LINZOL3;4;15 003;15;"15°7'39,5""E";"4°24'10,3""S"
BZBSC2;LIOUESSO;LIOESO1;4;12 991;12;"15°41'41,28""E";"1°2'28,72""N"
BZBSC2;LIOUESSO;LIOESO2;4;12 992;12;"15°41'41,28""E";"1°2'28,72""N"
BZBSC2;LIRANGA;LIRANG1;2;12 861;12;"17°36'38,62""E";"0°39'19,92""S"
BZBSC2;LIRANGA;LIRANG2;2;12 862;12;"17°36'38,62""E";"0°39'19,92""S"
BZBSC2;LIRANGA;LIRANG3;2;12 863;12;"17°36'38,62""E";"0°39'19,92""S"
PNBSC3;LOANDJILI;LOANDI1;4;23 381;23;"11°52'27,3""E";"4°46'0,3""S"
PNBSC3;LOANDJILI;LOANDI2;4;23 382;23;"11°52'27,3""E";"4°46'0,3""S"
PNBSC3;LOANDJILI;LOANDI3;4;23 383;23;"11°52'27,3""E";"4°46'0,3""S"
PNBSC3;LOANDJILI;LOANDI7;4;23 387;23;"11°52'27,3""E";"4°46'0,3""S"
PNBSC3;LOANDJILI;LOANDI8;4;23 388;23;"11°52'27,3""E";"4°46'0,3""S"
PNBSC3;LOANDJILI;LOANDI9;4;23 389;23;"11°52'27,3""E";"4°46'0,3""S"
PNBSC3;LOANGO;LOUANG1;2;23 391;23;"11°50'3,7""E";"4°40'36""S"
PNBSC3;LOANGO;LOUANG2;2;23 392;23;"11°50'3,7""E";"4°40'36""S"
PNBSC3;LOANGO;LOUANG3;2;23 393;23;"11°50'3,7""E";"4°40'36""S"
HWBSC01;LOLA;LOLA1;2;14 061;14;"16°47'58,56""E";"3°17'8,99""N"
HWBSC01;LOLA;LOLA2;2;14 062;14;"16°47'58,56""E";"3°17'8,99""N"
PNBSC2;LONDELAKAYES;LONDE1;2;22 171;22;"13°23'49,87""E";"4°49'17,91""S"
PNBSC2;LONDELAKAYES;LONDE2;2;22 172;22;"13°23'49,87""E";"4°49'17,91""S"
PNBSC2;LONDELAKAYES;LONDE3;2;22 173;22;"13°23'49,87""E";"4°49'17,91""S"
HWBSC01;LOPOLA;LOPOLA1;2;14 051;14;"16°59'27,96""E";"3°4'17,51""N"
HWBSC01;LOPOLA;LOPOLA2;2;14 052;14;"16°59'27,96""E";"3°4'17,51""N"
HWBSC01;LOPOLA;LOPOLA3;2;14 053;14;"16°59'27,96""E";"3°4'17,51""N"
PNBSC2;LOUDIMA;LUDIMA1;2;22 181;22;"13°3'53,2""E";"4°6'32,1""S"
PNBSC2;LOUDIMA;LUDIMA2;4;22 182;22;"13°3'53,2""E";"4°6'32,1""S"
PNBSC2;LOUDIMA;LUDIMA3;6;22 183;22;"13°3'53,2""E";"4°6'32,1""S"
BZBSC2;LOUINGUI;LUINGI1;4;15 301;15;"14°41'27,1""E";"4°33'50,1""S"
BZBSC2;LOUINGUI;LUINGI2;4;15 302;15;"14°41'27,1""E";"4°33'50,1""S"
BZBSC2;LOUINGUI;LUINGI3;4;15 303;15;"14°41'27,1""E";"4°33'50,1""S"
BZBSC2;LOUKOLELA;LUKOLE1;2;12 871;12;"17°6'50,5""E";"1°2'16""S"
BZBSC2;LOUKOLELA;LUKOLE2;2;12 872;12;"17°6'50,5""E";"1°2'16""S"
BZBSC2;LOUKOLELA;LUKOLE3;2;12 873;12;"17°6'50,5""E";"1°2'16""S"
HWBSC01;LOUNDOUNGOU;LUDUGU1;2;14 171;14;"17°2'37,32""E";"2°27'13,72""N"
HWBSC01;LOUNDOUNGOU;LUDUGU2;2;14 172;14;"17°2'37,32""E";"2°27'13,72""N"
HWBSC01;LOUNDOUNGOU;LUDUGU3;2;14 173;14;"17°2'37,32""E";"2°27'13,72""N"
HWBSC01;LOUNDOUNGOU2;LUDUG21;2;14 011;14;"17°1'40,7""E";"2°24'54""N"
HWBSC01;LOUNDOUNGOU2;LUDUG22;2;14 012;14;"17°1'40,7""E";"2°24'54""N"
PNBSC1;LOUSSALA;LOUSA1;2;21 431;21;"11°55'37""E";"4°47'26""S"
PNBSC1;LOUSSALA;LOUSA2;4;21 432;21;"11°55'37""E";"4°47'26""S"
PNBSC1;LOUSSALA;LOUSA3;2;21 433;21;"11°55'37""E";"4°47'26""S"
PNBSC1;LOUSSALA;LOUSA7;2;21 437;21;"11°55'37""E";"4°47'26""S"
PNBSC1;LOUSSALA;LOUSA8;2;21 438;21;"11°55'37""E";"4°47'26""S"
PNBSC1;LOUSSALA;LOUSA9;4;21 439;21;"11°55'37""E";"4°47'26""S"
BZBSC2;LOUTETE;LOUTET1;2;15 131;15;"13°51'50,7""E";"4°17'41,3""S"
BZBSC2;LOUTETE;LOUTET2;6;15 132;15;"13°51'50,7""E";"4°17'41,3""S"
BZBSC2;LOUTETE;LOUTET3;4;15 133;15;"13°51'50,7""E";"4°17'41,3""S"
PNBSC2;LOUVAKOU;LUVAKO1;2;22 201;22;"12°36'8,6""E";"3°57'39,9""S"
PNBSC2;LOUVAKOU;LUVAKO2;2;22 202;22;"12°36'8,6""E";"3°57'39,9""S"
PNBSC2;LOUVAKOU;LUVAKO3;2;22 203;22;"12°36'8,6""E";"3°57'39,9""S"
PNBSC2;LOUVOULOU;LUVULU1;2;22 971;22;"12°8'27,6""E";"4°22'7,7""S"
PNBSC2;LOUVOULOU;LUVULU2;2;22 972;22;"12°8'27,6""E";"4°22'7,7""S"
PNBSC2;LOUVOULOU;LUVULU3;2;22 973;22;"12°8'27,6""E";"4°22'7,7""S"
BZBSC3;LYCEE_SANKARA;SANKA1;4;13 261;13;"15°15'51,01""E";"4°12'24,8""S"
BZBSC3;LYCEE_SANKARA;SANKA2;4;13 262;13;"15°15'51,01""E";"4°12'24,8""S"
BZBSC3;LYCEE_SANKARA;SANKA3;4;13 263;13;"15°15'51,01""E";"4°12'24,8""S"
BZBSC3;LYCEE_SANKARA;SANKA7;12;13 267;13;"15°15'51,01""E";"4°12'24,8""S"
BZBSC3;LYCEE_SANKARA;SANKA8;8;13 268;13;"15°15'51,01""E";"4°12'24,8""S"
BZBSC3;LYCEE_SANKARA;SANKA9;12;13 269;13;"15°15'51,01""E";"4°12'24,8""S"
BZBSC2;MABOMBO;MABOMB1;2;15 231;15;"13°34'10,3""E";"3°58'6,7""S"
BZBSC2;MABOMBO;MABOMB2;2;15 232;15;"13°34'10,3""E";"3°58'6,7""S"
BZBSC2;MABOMBO;MABOMB3;2;15 233;15;"13°34'10,3""E";"3°58'6,7""S"
BZBSC1;MADIBOU1;MADIB11;4;11 161;11;"15°11'9,38""E";"4°18'37,33""S"
BZBSC1;MADIBOU1;MADIB12;4;11 162;11;"15°11'9,38""E";"4°18'37,33""S"
BZBSC1;MADIBOU1;MADIB13;4;11 163;11;"15°11'9,38""E";"4°18'37,33""S"
BZBSC1;MADIBOU2;MADIB21;4;11 421;11;"15°10'42,42""E";"4°19'21,68""S"
BZBSC1;MADIBOU2;MADIB22;2;11 422;11;"15°10'42,42""E";"4°19'21,68""S"
BZBSC1;MADIBOU2;MADIB23;2;11 423;11;"15°10'42,42""E";"4°19'21,68""S"
PNBSC3;MADINGOKAYES;MKAYE1;4;23 431;23;"11°42'7,02""E";"4°26'0,36""S"
PNBSC3;MADINGOKAYES;MKAYE2;4;23 432;23;"11°42'7,02""E";"4°26'0,36""S"
BZBSC2;MADINGOU;MADIGU1;6;15 141;15;"13°32'40""E";"4°9'49""S"
BZBSC2;MADINGOU;MADIGU2;6;15 142;15;"13°32'40""E";"4°9'49""S"
BZBSC2;MADINGOU;MADIGU3;2;15 143;15;"13°32'40""E";"4°9'49""S"
BZBSC2;MADZIA;MADZIA1;2;15 021;15;"14°47'50,64""E";"4°11'5,71""S"
BZBSC2;MADZIA;MADZIA2;2;15 022;15;"14°47'50,64""E";"4°11'5,71""S"
BZBSC2;MADZIA;MADZIA3;2;15 023;15;"14°47'50,64""E";"4°11'5,71""S"
PNBSC2;MAKABANA;MKBANA1;2;22 341;22;"12°37'11,9""E";"3°29'6,1""S"
PNBSC2;MAKABANA;MKBANA2;2;22 342;22;"12°37'11,9""E";"3°29'6,1""S"
PNBSC2;MAKABANA;MKBANA3;2;22 343;22;"12°37'11,9""E";"3°29'6,1""S"
BZBSC3;MAKABANDILOU;MAKAB1;4;13 671;13;"15°17'19,1""E";"4°8'34,84""S"
BZBSC3;MAKABANDILOU;MAKAB2;4;13 672;13;"15°17'19,1""E";"4°8'34,84""S"
BZBSC3;MAKABANDILOU;MAKAB3;2;13 673;13;"15°17'19,1""E";"4°8'34,84""S"
BZBSC2;MAKANA;MAKANA1;4;15 221;15;"15°5'44,27""E";"4°20'10,18""S"
BZBSC2;MAKANA;MAKANA2;4;15 222;15;"15°5'44,27""E";"4°20'10,18""S"
BZBSC2;MAKANA;MAKANA3;4;15 223;15;"15°5'44,27""E";"4°20'10,18""S"
PNBSC3;MAKAYA;MAKAYA1;4;23 081;23;"11°53'36,2""E";"4°46'0,2""S"
PNBSC3;MAKAYA;MAKAYA2;4;23 082;23;"11°53'36,2""E";"4°46'0,2""S"
PNBSC3;MAKAYA;MAKAYA3;4;23 083;23;"11°53'36,2""E";"4°46'0,2""S"
PNBSC3;MAKAYA;MAKAYA7;4;23 087;23;"11°53'36,2""E";"4°46'0,2""S"
PNBSC3;MAKAYA;MAKAYA8;2;23 088;23;"11°53'36,2""E";"4°46'0,2""S"
PNBSC3;MAKAYA;MAKAYA9;4;23 089;23;"11°53'36,2""E";"4°46'0,2""S"
PNBSC3;MAKAYABOU1;MAKAYB1;2;23 421;23;"11°53'13""E";"4°45'16""S"
PNBSC3;MAKAYABOU1;MAKAYB2;4;23 422;23;"11°53'13""E";"4°45'16""S"
PNBSC3;MAKAYABOU1;MAKAYB3;4;23 423;23;"11°53'13""E";"4°45'16""S"
PNBSC3;MAKAYABOU1;MAKAYB7;2;23 427;23;"11°53'13""E";"4°45'16""S"
PNBSC3;MAKAYABOU1;MAKAYB8;4;23 428;23;"11°53'13""E";"4°45'16""S"
PNBSC3;MAKAYABOU1;MAKAYB9;4;23 429;23;"11°53'13""E";"4°45'16""S"
BZBSC2;MAKOKO;MAKOKO1;2;12 501;12;"15°30'21,9""E";"0°49'44,3""N"
BZBSC2;MAKOKO;MAKOKO2;2;12 502;12;"15°30'21,9""E";"0°49'44,3""N"
PNBSC2;MAKOLA;MAKOLA1;2;22 231;22;"12°3'8,2""E";"4°34'49,25""S"
PNBSC2;MAKOLA;MAKOLA2;2;22 232;22;"12°3'8,2""E";"4°34'49,25""S"
PNBSC2;MAKOLA;MAKOLA3;2;22 233;22;"12°3'8,2""E";"4°34'49,25""S"
BZBSC2;MAKOTIMPOKO;MAKOTI1;2;12 881;12;"16°18'26,49""E";"2°0'1,37""S"
BZBSC2;MAKOTIMPOKO;MAKOTI2;2;12 882;12;"16°18'26,49""E";"2°0'1,37""S"
BZBSC2;MAKOTIMPOKO;MAKOTI3;2;12 883;12;"16°18'26,49""E";"2°0'1,37""S"
BZBSC2;MAKOUA;MAKOUA1;4;12 511;12;"15°37'24""E";"0°0'18""S"
BZBSC2;MAKOUA;MAKOUA2;4;12 512;12;"15°37'24""E";"0°0'18""S"
BZBSC2;MAKOUA;MAKOUA3;4;12 513;12;"15°37'24""E";"0°0'18""S"
PNBSC2;MALELE;MALELE1;2;22 251;22;"12°8'35,8""E";"4°25'26,1""S"
PNBSC2;MALELE;MALELE2;2;22 252;22;"12°8'35,8""E";"4°25'26,1""S"
PNBSC2;MALELE;MALELE3;2;22 253;22;"12°8'35,8""E";"4°25'26,1""S"
PNBSC2;MALOLO;MALOLO1;2;22 261;22;"12°35'7,9""E";"3°49'42,9""S"
PNBSC2;MALOLO;MALOLO2;2;22 262;22;"12°35'7,9""E";"3°49'42,9""S"
PNBSC2;MALOLO;MALOLO3;2;22 263;22;"12°35'7,9""E";"3°49'42,9""S"
BZBSC3;MALOUKOU;MALOUK1;4;13 701;13;"15°35'31,7""E";"4°0'17,4""S"
BZBSC3;MALOUKOU;MALOUK2;2;13 702;13;"15°35'31,7""E";"4°0'17,4""S"
BZBSC3;MALOUKOU;MALOUK3;2;13 703;13;"15°35'31,7""E";"4°0'17,4""S"
BZBSC3;MANDELA;MANDEL1;2;13 101;13;"15°16'50,6""E";"4°16'15,9""S"
BZBSC3;MANDELA;MANDEL2;2;13 102;13;"15°16'50,6""E";"4°16'15,9""S"
BZBSC3;MANDELA;MANDEL3;2;13 103;13;"15°16'50,6""E";"4°16'15,9""S"
BZBSC3;MANDELA;MANDEL7;4;13 107;13;"15°16'50,6""E";"4°16'15,9""S"
BZBSC3;MANDELA;MANDEL8;4;13 108;13;"15°16'50,6""E";"4°16'15,9""S"
BZBSC3;MANDELA;MANDEL9;4;13 109;13;"15°16'50,6""E";"4°16'15,9""S"
PNBSC2;MANGAKALE;MNGAKA1;2;22 781;22;"12°48'39,9""E";"4°20'42,8""S"
PNBSC2;MANGAKALE;MNGAKA2;2;22 782;22;"12°48'39,9""E";"4°20'42,8""S"
PNBSC2;MANGAKALE;MNGAKA3;2;22 783;22;"12°48'39,9""E";"4°20'42,8""S"
BZBSC2;MAPATI;MAPATI1;2;15 251;15;"13°20'56,4""E";"3°31'47,1""S"
BZBSC2;MAPATI;MAPATI2;2;15 252;15;"13°20'56,4""E";"3°31'47,1""S"
BZBSC2;MAPATI;MAPATI3;2;15 253;15;"13°20'56,4""E";"3°31'47,1""S"
BZBSC3;MARCHE_INTENDANCE;INTEND1;4;13 211;13;"15°17'13,9""E";"4°14'9,3""S"
BZBSC3;MARCHE_INTENDANCE;INTEND2;4;13 212;13;"15°17'13,9""E";"4°14'9,3""S"
BZBSC3;MARCHE_INTENDANCE;INTEND3;4;13 213;13;"15°17'13,9""E";"4°14'9,3""S"
BZBSC3;MARCHE_INTENDANCE;INTEND7;4;13 217;13;"15°17'13,9""E";"4°14'9,3""S"
BZBSC3;MARCHE_INTENDANCE;INTEND8;4;13 218;13;"15°17'13,9""E";"4°14'9,3""S"
BZBSC3;MARCHE_INTENDANCE;INTEND9;4;13 219;13;"15°17'13,9""E";"4°14'9,3""S"
BZBSC3;MARCHE_MASSENGO(harran);MARMAS1;4;13 301;13;"15°15'16,5""E";"4°10'31,1""S"
BZBSC3;MARCHE_MASSENGO(harran);MARMAS2;4;13 302;13;"15°15'16,5""E";"4°10'31,1""S"
BZBSC3;MARCHE_MASSENGO(harran);MARMAS3;4;13 303;13;"15°15'16,5""E";"4°10'31,1""S"
BZBSC3;MARCHE_MASSENGO(harran);MARMAS7;4;13 307;13;"15°15'16,5""E";"4°10'31,1""S"
BZBSC3;MARCHE_MASSENGO(harran);MARMAS8;4;13 308;13;"15°15'16,5""E";"4°10'31,1""S"
BZBSC3;MARCHE_MASSENGO(harran);MARMAS9;4;13 309;13;"15°15'16,5""E";"4°10'31,1""S"
BZBSC3;MARCHE_MOUNGALI;MRMGLI1;4;13 151;13;"15°16'40,4""E";"4°15'27,5""S"
BZBSC3;MARCHE_MOUNGALI;MRMGLI2;4;13 152;13;"15°16'40,4""E";"4°15'27,5""S"
BZBSC3;MARCHE_MOUNGALI;MRMGLI3;4;13 153;13;"15°16'40,4""E";"4°15'27,5""S"
BZBSC3;MARCHE_MOUNGALI;MRMGLI7;4;13 157;13;"15°16'40,4""E";"4°15'27,5""S"
BZBSC3;MARCHE_MOUNGALI;MRMGLI8;4;13 158;13;"15°16'40,4""E";"4°15'27,5""S"
BZBSC3;MARCHE_MOUNGALI;MRMGLI9;4;13 159;13;"15°16'40,4""E";"4°15'27,5""S"
BZBSC3;MARCHE_TALANGAI;MRTAL1;4;13 021;13;"15°17'23,93""E";"4°13'36,55""S"
BZBSC3;MARCHE_TALANGAI;MRTAL2;4;13 022;13;"15°17'23,93""E";"4°13'36,55""S"
BZBSC3;MARCHE_TALANGAI;MRTAL3;4;13 023;13;"15°17'23,93""E";"4°13'36,55""S"
BZBSC3;MARCHE_TALANGAI;MRTAL7;4;13 027;13;"15°17'23,93""E";"4°13'36,55""S"
BZBSC3;MARCHE_TALANGAI;MRTAL8;4;13 028;13;"15°17'23,93""E";"4°13'36,55""S"
BZBSC3;MARCHE_TALANGAI;MRTAL9;4;13 029;13;"15°17'23,93""E";"4°13'36,55""S"
BZBSC2;MASSA;MASSA1;4;12 521;12;"15°27'39,8""E";"3°47'4,9""S"
BZBSC2;MASSA;MASSA2;2;12 522;12;"15°27'39,8""E";"3°47'4,9""S"
BZBSC2;MASSA;MASSA3;2;12 523;12;"15°27'39,8""E";"3°47'4,9""S"
BZBSC1;MASSAMBA;MASAMB1;4;11 791;11;"15°14'33,12""E";"4°15'57,83""S"
BZBSC1;MASSAMBA;MASAMB2;2;11 792;11;"15°14'33,12""E";"4°15'57,83""S"
BZBSC1;MASSAMBA;MASAMB3;2;11 793;11;"15°14'33,12""E";"4°15'57,83""S"
BZBSC1;MASSAMBA;MASAMB7;4;11 797;11;"15°14'33,12""E";"4°15'57,83""S"
BZBSC1;MASSAMBA;MASAMB8;4;11 798;11;"15°14'33,12""E";"4°15'57,83""S"
BZBSC1;MASSAMBA;MASAMB9;4;11 799;11;"15°14'33,12""E";"4°15'57,83""S"
BZBSC3;MASSENGO;MASENG1;2;13 081;13;"15°16'6,96""E";"4°10'5,16""S"
BZBSC3;MASSENGO;MASENG2;4;13 082;13;"15°16'6,96""E";"4°10'5,16""S"
BZBSC3;MASSENGO;MASENG3;4;13 083;13;"15°16'6,96""E";"4°10'5,16""S"
BZBSC3;MASSENGO;MASENG7;2;13 087;13;"15°16'6,96""E";"4°10'5,16""S"
BZBSC3;MASSENGO;MASENG8;4;13 088;13;"15°16'6,96""E";"4°10'5,16""S"
BZBSC3;MASSENGO;MASENG9;4;13 089;13;"15°16'6,96""E";"4°10'5,16""S"
BZBSC1;MASSINA;MASSNA1;4;11 171;11;"15°13'21,22""E";"4°16'12,36""S"
BZBSC1;MASSINA;MASSNA2;4;11 172;11;"15°13'21,22""E";"4°16'12,36""S"
BZBSC1;MASSINA;MASSNA3;2;11 173;11;"15°13'21,22""E";"4°16'12,36""S"
BZBSC1;MASSINA;MASSNA7;4;11 177;11;"15°13'21,22""E";"4°16'12,36""S"
BZBSC1;MASSINA;MASSNA8;4;11 178;11;"15°13'21,22""E";"4°16'12,36""S"
BZBSC1;MASSINA;MASSNA9;4;11 179;11;"15°13'21,22""E";"4°16'12,36""S"
PNBSC2;MATOTO;MATOT1;2;22 831;22;"12°43'25,32""E";"2°30'13,5""S"
PNBSC2;MATOTO;MATOT2;2;22 832;22;"12°43'25,32""E";"2°30'13,5""S"
PNBSC2;MATOTO;MATOT3;2;22 833;22;"12°43'25,32""E";"2°30'13,5""S"
BZBSC2;MATOUMBOU;MATUMB1;2;15 041;15;"14°42'38,5""E";"4°15'34""S"
BZBSC2;MATOUMBOU;MATUMB2;2;15 042;15;"14°42'38,5""E";"4°15'34""S"
BZBSC2;MATOUMBOU;MATUMB3;2;15 043;15;"14°42'38,5""E";"4°15'34""S"
BZBSC1;MATOURS;MATUR17;4;11 617;11;"15°14'8,43""E";"4°18'19,25""S"
BZBSC1;MATOURS;MATUR18;4;11 618;11;"15°14'8,43""E";"4°18'19,25""S"
BZBSC1;MATOURS;MATUR19;4;11 619;11;"15°14'8,43""E";"4°18'19,25""S"
BZBSC2;MATY;MATY1;2;12 531;12;"15°43'53,1""E";"3°57'7,9""S"
BZBSC2;MATY;MATY2;2;12 532;12;"15°43'53,1""E";"3°57'7,9""S"
BZBSC2;MATY;MATY3;2;12 533;12;"15°43'53,1""E";"3°57'7,9""S"
PNBSC3;MAWATA;MWATA1;4;23 411;23;"11°52'45""E";"4°47'17""S"
PNBSC3;MAWATA;MWATA2;2;23 412;23;"11°52'45""E";"4°47'17""S"
PNBSC3;MAWATA;MWATA3;2;23 413;23;"11°52'45""E";"4°47'17""S"
PNBSC3;MAWATA;MWATA7;8;23 417;23;"11°52'45""E";"4°47'17""S"
PNBSC3;MAWATA;MWATA8;8;23 418;23;"11°52'45""E";"4°47'17""S"
PNBSC3;MAWATA;MWATA9;4;23 419;23;"11°52'45""E";"4°47'17""S"
BZBSC2;MAYAMA;MAYAM1;2;15 081;15;"14°52'45,84""E";"3°49'57,79""S"
BZBSC2;MAYAMA;MAYAM2;2;15 082;15;"14°52'45,84""E";"3°49'57,79""S"
BZBSC2;MAYAMA;MAYAM3;2;15 083;15;"14°52'45,84""E";"3°49'57,79""S"
BZBSC1;MAYANGA;MAYANG1;4;11 181;11;"15°11'56,65""E";"4°17'31,42""S"
BZBSC1;MAYANGA;MAYANG2;4;11 182;11;"15°11'56,65""E";"4°17'31,42""S"
BZBSC1;MAYANGA;MAYANG3;4;11 183;11;"15°11'56,65""E";"4°17'31,42""S"
BZBSC2;MAYEYE;MYEYE1;2;15 211;15;"13°38'27,24""E";"3°40'55,42""S"
BZBSC2;MAYEYE;MYEYE2;2;15 212;15;"13°38'27,24""E";"3°40'55,42""S"
BZBSC2;MAYEYE;MYEYE3;2;15 213;15;"13°38'27,24""E";"3°40'55,42""S"
BZBSC1;MAYINGA_BZV;MAYING1;2;11 741;11;"15°11'30,59""E";"4°16'41,64""S"
BZBSC1;MAYINGA_BZV;MAYING2;4;11 742;11;"15°11'30,59""E";"4°16'41,64""S"
BZBSC1;MAYINGA_BZV;MAYING3;2;11 743;11;"15°11'30,59""E";"4°16'41,64""S"
PNBSC2;MAYOKO;MAYOKO1;2;22 271;22;"12°48'31,9""E";"2°17'6,6""S"
PNBSC2;MAYOKO;MAYOKO2;2;22 272;22;"12°48'31,9""E";"2°17'6,6""S"
PNBSC2;MAYOKO;MAYOKO3;2;22 273;22;"12°48'31,9""E";"2°17'6,6""S"
BZBSC3;MAZALA;MAZALA1;4;13 071;13;"15°15'33,62""E";"4°13'46,67""S"
BZBSC3;MAZALA;MAZALA2;4;13 072;13;"15°15'33,62""E";"4°13'46,67""S"
BZBSC3;MAZALA;MAZALA3;4;13 073;13;"15°15'33,62""E";"4°13'46,67""S"
BZBSC3;MAZALA;MAZALA7;4;13 077;13;"15°15'33,62""E";"4°13'46,67""S"
BZBSC3;MAZALA;MAZALA8;4;13 078;13;"15°15'33,62""E";"4°13'46,67""S"
BZBSC3;MAZALA;MAZALA9;4;13 079;13;"15°15'33,62""E";"4°13'46,67""S"
BZBSC2;MBANZADOUNGA;BANDZA1;4;15 401;15;"15°0'41,9""E";"4°30'44,1""S"
BZBSC2;MBANZADOUNGA;BANDZA2;4;15 402;15;"15°0'41,9""E";"4°30'44,1""S"
BZBSC2;MBANZADOUNGA;BANDZA3;4;15 403;15;"15°0'41,9""E";"4°30'44,1""S"
BZBSC2;MBEMBE;MBEMBE1;2;15 051;15;"13°40'37,2""E";"4°11'21,01""S"
BZBSC2;MBEMBE;MBEMBE2;2;15 052;15;"13°40'37,2""E";"4°11'21,01""S"
BZBSC2;MBEMBE;MBEMBE3;2;15 053;15;"13°40'37,2""E";"4°11'21,01""S"
PNBSC2;MBINDA;MBINDA1;2;22 291;22;"12°52'21,1""E";"2°6'10,8""S"
PNBSC2;MBINDA;MBINDA2;2;22 292;22;"12°52'21,1""E";"2°6'10,8""S"
PNBSC2;MBINDA;MBINDA3;2;22 293;22;"12°52'21,1""E";"2°6'10,8""S"
PNBSC3;MBOTA;MBOTA1;2;23 231;23;"11°53'51""E";"4°46'36""S"
PNBSC3;MBOTA;MBOTA2;4;23 232;23;"11°53'51""E";"4°46'36""S"
PNBSC3;MBOTA;MBOTA3;4;23 233;23;"11°53'51""E";"4°46'36""S"
PNBSC3;MBOTA;MBOTA7;4;23 237;23;"11°53'51""E";"4°46'36""S"
PNBSC3;MBOTA;MBOTA8;4;23 238;23;"11°53'51""E";"4°46'36""S"
PNBSC3;MBOTA;MBOTA9;4;23 239;23;"11°53'51""E";"4°46'36""S"
PNBSC1;MBOTA-ROCK;MBOTAR1;4;21 011;21;"11°54'1,08""E";"4°47'25,01""S"
PNBSC1;MBOTA-ROCK;MBOTAR2;4;21 012;21;"11°54'1,08""E";"4°47'25,01""S"
PNBSC1;MBOTA-ROCK;MBOTAR3;4;21 013;21;"11°54'1,08""E";"4°47'25,01""S"
PNBSC1;MBOTA-ROCK;MBOTAR7;6;21 017;21;"11°54'1,08""E";"4°47'25,01""S"
PNBSC1;MBOTA-ROCK;MBOTAR8;6;21 018;21;"11°54'1,08""E";"4°47'25,01""S"
PNBSC1;MBOTA-ROCK;MBOTAR9;6;21 019;21;"11°54'1,08""E";"4°47'25,01""S"
HWBSC01;MBOUA;MBOUA1;2;14 131;14;"17°8'43,8""E";"1°41'0,82""N"
HWBSC01;MBOUA;MBOUA2;2;14 132;14;"17°8'43,8""E";"1°41'0,82""N"
HWBSC01;MBOUA;MBOUA3;2;14 133;14;"17°8'43,8""E";"1°41'0,82""N"
BZBSC3;MBOUALE1;MBUAL11;4;13 601;13;"15°16'59,2""E";"4°12'57,4""S"
BZBSC3;MBOUALE1;MBUAL12;4;13 602;13;"15°16'59,2""E";"4°12'57,4""S"
BZBSC3;MBOUALE1;MBUAL13;4;13 603;13;"15°16'59,2""E";"4°12'57,4""S"
BZBSC3;MBOUALE1;MBUAL17;4;13 607;13;"15°16'59,2""E";"4°12'57,4""S"
BZBSC3;MBOUALE1;MBUAL18;4;13 608;13;"15°16'59,2""E";"4°12'57,4""S"
BZBSC3;MBOUALE1;MBUAL19;4;13 609;13;"15°16'59,2""E";"4°12'57,4""S"
BZBSC2;MBOUAMBE;MBOUAM1;4;12 541;12;"15°39'31""E";"3°1'33,1""S"
BZBSC2;MBOUAMBE;MBOUAM2;2;12 542;12;"15°39'31""E";"3°1'33,1""S"
BZBSC2;MBOUAMBE;MBOUAM3;2;12 543;12;"15°39'31""E";"3°1'33,1""S"
BZBSC2;MBOUKOU(SOUMOUNA);NBUKU1;2;15 061;15;"14°57'10,8""E";"4°22'5,81""S"
BZBSC2;MBOUKOU(SOUMOUNA);NBUKU2;2;15 062;15;"14°57'10,8""E";"4°22'5,81""S"
BZBSC2;MBOUKOU(SOUMOUNA);NBUKU3;2;15 063;15;"14°57'10,8""E";"4°22'5,81""S"
PNBSC2;MBOUNDI;MBUNDI1;2;22 301;22;"12°4'36,7""E";"4°31'53,6""S"
PNBSC2;MBOUNDI;MBUNDI2;2;22 302;22;"12°4'36,7""E";"4°31'53,6""S"
PNBSC2;MBOUNDI;MBUNDI3;8;22 303;22;"12°4'36,7""E";"4°31'53,6""S"
PNBSC2;MENGO;MENGO1;4;22 311;22;"11°57'24""E";"4°39'45""S"
BZBSC3;MERIDIEN;MERDIE7;4;13 247;13;"15°16'37,21""E";"4°16'2,97""S"
BZBSC3;MERIDIEN;MERDIE8;4;13 248;13;"15°16'37,21""E";"4°16'2,97""S"
BZBSC3;MERIDIEN;MERDIE9;4;13 249;13;"15°16'37,21""E";"4°16'2,97""S"
BZBSC1;MFILOU1;MFILU11;4;11 191;11;"15°13'52,14""E";"4°15'11,05""S"
BZBSC1;MFILOU1;MFILU12;4;11 192;11;"15°13'52,14""E";"4°15'11,05""S"
BZBSC1;MFILOU1;MFILU13;4;11 193;11;"15°13'52,14""E";"4°15'11,05""S"
BZBSC1;MFILOU1;MFILU17;4;11 197;11;"15°13'52,14""E";"4°15'11,05""S"
BZBSC1;MFILOU1;MFILU18;4;11 198;11;"15°13'52,14""E";"4°15'11,05""S"
BZBSC1;MFILOU1;MFILU19;4;11 199;11;"15°13'52,14""E";"4°15'11,05""S"
BZBSC1;MFILOU2;MFILU21;2;11 381;11;"15°13'48""E";"4°14'27""S"
BZBSC1;MFILOU2;MFILU22;2;11 382;11;"15°13'48""E";"4°14'27""S"
BZBSC1;MFILOU2;MFILU23;2;11 383;11;"15°13'48""E";"4°14'27""S"
PNBSC2;MFOUATI;MFUATI1;2;22 321;22;"13°0'0""E";"4°0'0""S"
PNBSC2;MFOUATI;MFUATI2;2;22 322;22;"13°0'0""E";"4°0'0""S"
PNBSC2;MFOUATI;MFUATI3;2;22 323;22;"13°0'0""E";"4°0'0""S"
BZBSC3;MIADEKA;MIADEK1;4;13 191;13;"15°17'12,91""E";"4°15'18,79""S"
BZBSC3;MIADEKA;MIADEK2;4;13 192;13;"15°17'12,91""E";"4°15'18,79""S"
BZBSC3;MIADEKA;MIADEK3;4;13 193;13;"15°17'12,91""E";"4°15'18,79""S"
BZBSC3;MIADEKA;MIADEK7;4;13 197;13;"15°17'12,91""E";"4°15'18,79""S"
BZBSC3;MIADEKA;MIADEK8;4;13 198;13;"15°17'12,91""E";"4°15'18,79""S"
BZBSC3;MIADEKA;MIADEK9;4;13 199;13;"15°17'12,91""E";"4°15'18,79""S"
BZBSC2;MIELEKOUKA;MIELEK1;2;12 031;12;"15°0'32""E";"1°36'20,1""N"
BZBSC2;MIELEKOUKA;MIELEK2;2;12 032;12;"15°0'32""E";"1°36'20,1""N"
BZBSC3;MIKALOU1;MIKALU1;4;13 141;13;"15°16'26,62""E";"4°12'56,52""S"
BZBSC3;MIKALOU1;MIKALU2;4;13 142;13;"15°16'26,62""E";"4°12'56,52""S"
BZBSC3;MIKALOU1;MIKALU3;4;13 143;13;"15°16'26,62""E";"4°12'56,52""S"
BZBSC3;MIKALOU1;MIKALU7;4;13 147;13;"15°16'26,62""E";"4°12'56,52""S"
BZBSC3;MIKALOU1;MIKALU8;4;13 148;13;"15°16'26,62""E";"4°12'56,52""S"
BZBSC3;MIKALOU1;MIKALU9;4;13 149;13;"15°16'26,62""E";"4°12'56,52""S"
PNBSC2;MIKAMBA;MIKABA1;2;22 331;22;"13°20'48,9""E";"3°45'23,2""S"
PNBSC2;MIKAMBA;MIKABA2;2;22 332;22;"13°20'48,9""E";"3°45'23,2""S"
PNBSC2;MIKAMBA;MIKABA3;2;22 333;22;"13°20'48,9""E";"3°45'23,2""S"
BZBSC2;MINDOULI;MIDULI1;4;15 011;15;"14°21'0""E";"4°16'18,41""S"
BZBSC2;MINDOULI;MIDULI2;4;15 012;15;"14°21'0""E";"4°16'18,41""S"
BZBSC2;MINDOULI;MIDULI3;4;15 013;15;"14°21'0""E";"4°16'18,41""S"
BZBSC1;MINISTERE_PLAN;PLAN1;4;11 251;11;"15°15'40,18""E";"4°16'45,8""S"
BZBSC1;MINISTERE_PLAN;PLAN2;4;11 252;11;"15°15'40,18""E";"4°16'45,8""S"
BZBSC1;MINISTERE_PLAN;PLAN3;4;11 253;11;"15°15'40,18""E";"4°16'45,8""S"
BZBSC1;MINISTERE_PLAN;PLAN7;4;11 257;11;"15°15'40,18""E";"4°16'45,8""S"
BZBSC1;MINISTERE_PLAN;PLAN8;4;11 258;11;"15°15'40,18""E";"4°16'45,8""S"
BZBSC1;MINISTERE_PLAN;PLAN9;4;11 259;11;"15°15'40,18""E";"4°16'45,8""S"
BZBSC2;MISSAFOU;MISAFU1;4;15 501;15;"14°28'34,46""E";"4°16'51,38""S"
BZBSC2;MISSAFOU;MISAFU2;4;15 502;15;"14°28'34,46""E";"4°16'51,38""S"
BZBSC2;MISSAFOU;MISAFU3;4;15 503;15;"14°28'34,46""E";"4°16'51,38""S"
BZBSC2;MOHALI;MOHALI1;2;12 561;12;"15°29'41,8""E";"0°16'25,8""N"
BZBSC2;MOHALI;MOHALI2;2;12 562;12;"15°29'41,8""E";"0°16'25,8""N"
BZBSC2;MOHALI;MOHALI3;2;12 563;12;"15°29'41,8""E";"0°16'25,8""N"
BZBSC2;MOKEKO;MOKEKO1;2;12 891;12;"15°56'53,5""E";"1°32'19,6""N"
BZBSC2;MOKEKO;MOKEKO2;2;12 892;12;"15°56'53,5""E";"1°32'19,6""N"
BZBSC2;MOKEKO;MOKEKO3;2;12 893;12;"15°56'53,5""E";"1°32'19,6""N"
PNBSC3;MONGO_POUKOU;POUKOU1;4;23 621;23;"11°51'51""E";"4°42'57""S"
PNBSC3;MONGO_POUKOU;POUKOU2;4;23 622;23;"11°51'51""E";"4°42'57""S"
PNBSC3;MONGO_POUKOU;POUKOU3;4;23 623;23;"11°51'51""E";"4°42'57""S"
PNBSC3;MONT_KAMBA1;KAMBA17;4;23 067;23;"11°55'25,68""E";"4°46'25,93""S"
PNBSC3;MONT_KAMBA1;KAMBA18;4;23 068;23;"11°55'25,68""E";"4°46'25,93""S"
PNBSC3;MONT_KAMBA1;KAMBA19;4;23 069;23;"11°55'25,68""E";"4°46'25,93""S"
PNBSC3;MONT_KAMBA2;KAMBA21;4;23 071;23;"11°54'26""E";"4°44'40""S"
PNBSC3;MONT_KAMBA2;KAMBA22;4;23 072;23;"11°54'26""E";"4°44'40""S"
PNBSC3;MONT_KAMBA2;KAMBA23;2;23 073;23;"11°54'26""E";"4°44'40""S"
PNBSC3;MONT_KAMBA2;KAMBA27;4;23 077;23;"11°54'26""E";"4°44'40""S"
PNBSC3;MONT_KAMBA2;KAMBA28;4;23 078;23;"11°54'26""E";"4°44'40""S"
PNBSC3;MONT_KAMBA2;KAMBA29;4;23 079;23;"11°54'26""E";"4°44'40""S"
PNBSC3;MONT_KAMBA3;KAMBA31;4;23 611;23;"11°55'27,84""E";"4°43'44""S"
PNBSC3;MONT_KAMBA3;KAMBA32;4;23 612;23;"11°55'27,84""E";"4°43'44""S"
PNBSC3;MONT_KAMBA3;KAMBA33;4;23 613;23;"11°55'27,84""E";"4°43'44""S"
BZBSC3;MONT_KINTELE;KNTEL1;4;13 491;13;"15°19'37,31""E";"4°7'56,75""S"
BZBSC3;MONT_KINTELE;KNTEL2;4;13 492;13;"15°19'37,31""E";"4°7'56,75""S"
PNBSC2;MONT_MBELO;MBELO1;4;22 281;22;"12°54'48,1""E";"4°7'28,5""S"
BZBSC2;MOSSAKA;MOSAKA1;2;12 961;12;"16°47'47,9""E";"1°13'28,4""S"
BZBSC2;MOSSAKA;MOSAKA2;4;12 962;12;"16°47'47,9""E";"1°13'28,4""S"
BZBSC2;MOSSAKA;MOSAKA3;2;12 963;12;"16°47'47,9""E";"1°13'28,4""S"
PNBSC2;MOSSENDJO;MOSNJO1;2;22 361;22;"12°43'7,7""E";"2°56'44,5""S"
PNBSC2;MOSSENDJO;MOSNJO2;4;22 362;22;"12°43'7,7""E";"2°56'44,5""S"
PNBSC2;MOSSENDJO;MOSNJO3;4;22 363;22;"12°43'7,7""E";"2°56'44,5""S"
HWBSC01;MOUALE;MOUALE1;2;14 071;14;"17°10'53,76""E";"3°22'32,48""N"
HWBSC01;MOUALE;MOUALE2;2;14 072;14;"17°10'53,76""E";"3°22'32,48""N"
HWBSC01;MOUALE;MOUALE3;2;14 073;14;"17°10'53,76""E";"3°22'32,48""N"
PNBSC2;MOUKASSA;MUKASA1;2;22 771;22;"13°34'41,67""E";"2°50'18,53""S"
PNBSC2;MOUKASSA;MUKASA2;2;22 772;22;"13°34'41,67""E";"2°50'18,53""S"
PNBSC2;MOUKASSA;MUKASA3;4;22 773;22;"13°34'41,67""E";"2°50'18,53""S"
BZBSC3;MOUKONDO1;MKOND11;4;13 121;13;"15°16'22,26""E";"4°13'49,26""S"
BZBSC3;MOUKONDO1;MKOND12;4;13 122;13;"15°16'22,26""E";"4°13'49,26""S"
BZBSC3;MOUKONDO1;MKOND13;4;13 123;13;"15°16'22,26""E";"4°13'49,26""S"
BZBSC3;MOUKONDO1;MKOND17;4;13 127;13;"15°16'22,26""E";"4°13'49,26""S"
BZBSC3;MOUKONDO1;MKOND18;4;13 128;13;"15°16'22,26""E";"4°13'49,26""S"
BZBSC3;MOUKONDO1;MKOND19;4;13 129;13;"15°16'22,26""E";"4°13'49,26""S"
BZBSC3;MOUKONDO2;MKOND21;4;13 341;13;"15°16'1,8""E";"4°14'7,5""S"
BZBSC3;MOUKONDO2;MKOND22;4;13 342;13;"15°16'1,8""E";"4°14'7,5""S"
BZBSC3;MOUKONDO2;MKOND23;4;13 343;13;"15°16'1,8""E";"4°14'7,5""S"
BZBSC3;MOUKONDO2;MKOND27;4;13 347;13;"15°16'1,8""E";"4°14'7,5""S"
BZBSC3;MOUKONDO2;MKOND28;4;13 348;13;"15°16'1,8""E";"4°14'7,5""S"
BZBSC3;MOUKONDO2;MKOND29;4;13 349;13;"15°16'1,8""E";"4°14'7,5""S"
BZBSC2;MOUKOUKOULOU;MUKULU1;2;15 191;15;"13°46'35,41""E";"3°52'45,25""S"
BZBSC2;MOUKOUKOULOU;MUKULU2;2;15 192;15;"13°46'35,41""E";"3°52'45,25""S"
BZBSC2;MOUKOUKOULOU;MUKULU3;2;15 193;15;"13°46'35,41""E";"3°52'45,25""S"
BZBSC3;MOUNGALI1;MUNGA11;4;13 221;13;"15°16'28,78""E";"4°15'2,66""S"
BZBSC3;MOUNGALI1;MUNGA12;4;13 222;13;"15°16'28,78""E";"4°15'2,66""S"
BZBSC3;MOUNGALI1;MUNGA13;4;13 223;13;"15°16'28,78""E";"4°15'2,66""S"
BZBSC3;MOUNGALI1;MUNGA17;4;13 227;13;"15°16'28,78""E";"4°15'2,66""S"
BZBSC3;MOUNGALI1;MUNGA18;4;13 228;13;"15°16'28,78""E";"4°15'2,66""S"
BZBSC3;MOUNGALI1;MUNGA19;4;13 229;13;"15°16'28,78""E";"4°15'2,66""S"
BZBSC3;MOUNGALI3;MUNGA37;4;13 667;13;"15°16'40,4""E";"4°15'15,4""S"
BZBSC3;MOUNGALI3;MUNGA38;4;13 668;13;"15°16'40,4""E";"4°15'15,4""S"
BZBSC3;MOUNGALI3;MUNGA39;4;13 669;13;"15°16'40,4""E";"4°15'15,4""S"
BZBSC1;MOUTABALA;MOUTAB1;2;11 391;11;"15°13'3,25""E";"4°15'48,02""S"
BZBSC1;MOUTABALA;MOUTAB2;2;11 392;11;"15°13'3,25""E";"4°15'48,02""S"
BZBSC1;MOUTABALA;MOUTAB3;2;11 393;11;"15°13'3,25""E";"4°15'48,02""S"
BZBSC2;MOUYONDZI;MUYOND1;4;15 151;15;"13°55'12,9""E";"3°59'46,9""S"
BZBSC2;MOUYONDZI;MUYOND2;4;15 152;15;"13°55'12,9""E";"3°59'46,9""S"
BZBSC2;MOUYONDZI;MUYOND3;4;15 153;15;"13°55'12,9""E";"3°59'46,9""S"
PNBSC1;MPAKA1;MPAK11;4;21 471;21;"11°54'59,8""E";"4°48'37,2""S"
PNBSC1;MPAKA1;MPAK12;4;21 472;21;"11°54'59,8""E";"4°48'37,2""S"
PNBSC1;MPAKA1;MPAK13;4;21 473;21;"11°54'59,8""E";"4°48'37,2""S"
PNBSC1;MPAKA1;MPAK17;4;21 477;21;"11°54'59,8""E";"4°48'37,2""S"
PNBSC1;MPAKA1;MPAK18;4;21 478;21;"11°54'59,8""E";"4°48'37,2""S"
PNBSC1;MPAKA1;MPAK19;4;21 479;21;"11°54'59,8""E";"4°48'37,2""S"
BZBSC2;MPASSA-MINE;MPASSA1;4;15 091;15;"14°9'55,08""E";"4°22'3""S"
BZBSC2;MPASSA-MINE;MPASSA2;4;15 092;15;"14°9'55,08""E";"4°22'3""S"
BZBSC2;MPASSA-MINE;MPASSA3;3;15 093;15;"14°9'55,08""E";"4°22'3""S"
BZBSC3;MPILA AIRTEL;PILAZ1;4;13 281;13;"15°17'31,48""E";"4°15'27,68""S"
BZBSC3;MPILA AIRTEL;PILAZ2;2;13 282;13;"15°17'31,48""E";"4°15'27,68""S"
BZBSC3;MPILA AIRTEL;PILAZ3;2;13 283;13;"15°17'31,48""E";"4°15'27,68""S"
BZBSC3;MPILA AIRTEL;PILAZ7;4;13 287;13;"15°17'31,48""E";"4°15'27,68""S"
BZBSC3;MPILA AIRTEL;PILAZ8;4;13 288;13;"15°17'31,48""E";"4°15'27,68""S"
BZBSC3;MPILA AIRTEL;PILAZ9;4;13 289;13;"15°17'31,48""E";"4°15'27,68""S"
BZBSC3;MPILA1;PILA11;4;13 231;13;"15°17'50,32""E";"4°15'50,8""S"
BZBSC3;MPILA1;PILA12;4;13 232;13;"15°17'50,32""E";"4°15'50,8""S"
BZBSC3;MPILA1;PILA13;4;13 233;13;"15°17'50,32""E";"4°15'50,8""S"
BZBSC3;MPILA1;PILA18;4;13 238;13;"15°17'50,32""E";"4°15'50,8""S"
BZBSC3;MPILA1;PILA19;4;13 239;13;"15°17'50,32""E";"4°15'50,8""S"
BZBSC3;MPILAINDUS;PILA31;2;13 411;13;"15°17'45,2""E";"4°15'23,08""S"
BZBSC3;MPILAINDUS;PILA32;2;13 412;13;"15°17'45,2""E";"4°15'23,08""S"
BZBSC3;MPILAINDUS;PILA33;2;13 413;13;"15°17'45,2""E";"4°15'23,08""S"
BZBSC3;MPILAINDUS;PILA37;4;13 417;13;"15°17'45,2""E";"4°15'23,08""S"
BZBSC3;MPILAINDUS;PILA38;4;13 418;13;"15°17'45,2""E";"4°15'23,08""S"
BZBSC3;MPILAINDUS;PILA39;4;13 419;13;"15°17'45,2""E";"4°15'23,08""S"
BZBSC2;MPINI;MPINI1;4;12 571;12;"15°53'59,4""E";"1°40'41,2""S"
BZBSC2;MPINI;MPINI2;2;12 572;12;"15°53'59,4""E";"1°40'41,2""S"
BZBSC2;MPINI;MPINI3;4;12 573;12;"15°53'59,4""E";"1°40'41,2""S"
BZBSC1;MPISSA2;MPISA27;8;11 207;11;"15°15'18,61""E";"4°18'5,85""S"
BZBSC1;MPISSA2;MPISA28;2;11 208;11;"15°15'18,61""E";"4°18'5,85""S"
BZBSC1;MPISSA2;MPISA29;8;11 209;11;"15°15'18,61""E";"4°18'5,85""S"
PNBSC3;MPITA1;PITA17;4;23 447;23;"11°51'7,3""E";"4°48'32,3""S"
PNBSC3;MPITA1;PITA18;4;23 448;23;"11°51'7,3""E";"4°48'32,3""S"
PNBSC3;MPITA1;PITA19;4;23 449;23;"11°51'7,3""E";"4°48'32,3""S"
PNBSC3;MPITA2;PITA27;4;23 457;23;"11°51'25""E";"4°48'46""S"
PNBSC3;MPITA2;PITA28;4;23 458;23;"11°51'25""E";"4°48'46""S"
PNBSC3;MPITA2;PITA29;4;23 459;23;"11°51'25""E";"4°48'46""S"
BZBSC2;MPO;MPO1;2;12 581;12;"15°29'34,5""E";"2°23'41,6""S"
BZBSC2;MPO;MPO2;2;12 582;12;"15°29'34,5""E";"2°23'41,6""S"
BZBSC2;MPO;MPO3;2;12 583;12;"15°29'34,5""E";"2°23'41,6""S"
BZBSC2;MPOUYA;MPOUYA1;4;12 591;12;"16°9'49,5""E";"2°35'44""S"
BZBSC2;MPOUYA;MPOUYA2;2;12 592;12;"16°9'49,5""E";"2°35'44""S"
PNBSC3;MVOUNVOU;VUMVU1;4;23 461;23;"11°52'17,8""E";"4°46'48,61""S"
PNBSC3;MVOUNVOU;VUMVU2;4;23 462;23;"11°52'17,8""E";"4°46'48,61""S"
PNBSC3;MVOUNVOU;VUMVU3;4;23 463;23;"11°52'17,8""E";"4°46'48,61""S"
PNBSC3;MVOUNVOU;VUMVU7;4;23 467;23;"11°52'17,8""E";"4°46'48,61""S"
PNBSC3;MVOUNVOU;VUMVU8;4;23 468;23;"11°52'17,8""E";"4°46'48,61""S"
PNBSC3;MVOUNVOU;VUMVU9;4;23 469;23;"11°52'17,8""E";"4°46'48,61""S"
PNBSC2;MVOUTI;MVOUTI1;2;22 031;22;"12°29'11,04""E";"12°29'11,04""N"
PNBSC2;MVOUTI;MVOUTI2;2;22 032;22;"12°29'11,04""E";"12°29'11,04""N"
PNBSC2;MVOUTI;MVOUTI3;2;22 033;22;"12°29'11,04""E";"12°29'11,04""N"
PNBSC2;NCESSE;NCESE1;2;22 001;22;"12°31'25,32""E";"4°28'53,51""S"
PNBSC2;NCESSE;NCESE2;2;22 002;22;"12°31'25,32""E";"4°28'53,51""S"
PNBSC2;NCESSE;NCESE3;2;22 003;22;"12°31'25,32""E";"4°28'53,51""S"
HWBSC01;NDOKI1;NDOKI11;2;14 001;14;"16°36'50,04""E";"1°35'28,39""N"
HWBSC01;NDOKI1;NDOKI12;2;14 002;14;"16°36'50,04""E";"1°35'28,39""N"
HWBSC01;NDOKI1;NDOKI13;2;14 003;14;"16°36'50,04""E";"1°35'28,39""N"
BZBSC3;NDOLO;NDOLLO1;8;13 381;13;"15°17'28,4""E";"4°13'10,4""S"
BZBSC3;NDOLO;NDOLLO2;4;13 382;13;"15°17'28,4""E";"4°13'10,4""S"
BZBSC3;NDOLO;NDOLLO3;8;13 383;13;"15°17'28,4""E";"4°13'10,4""S"
BZBSC3;NDOLO;NDOLLO7;8;13 387;13;"15°17'28,4""E";"4°13'10,4""S"
BZBSC3;NDOLO;NDOLLO8;4;13 388;13;"15°17'28,4""E";"4°13'10,4""S"
BZBSC3;NDOLO;NDOLLO9;8;13 389;13;"15°17'28,4""E";"4°13'10,4""S"
BZBSC3;NEW753;NW7531;4;13 361;13;"15°17'10,46""E";"4°14'23,35""S"
BZBSC3;NEW753;NW7532;4;13 362;13;"15°17'10,46""E";"4°14'23,35""S"
BZBSC3;NEW753;NW7533;2;13 363;13;"15°17'10,46""E";"4°14'23,35""S"
BZBSC3;NEW753;NW7537;4;13 367;13;"15°17'10,46""E";"4°14'23,35""S"
BZBSC3;NEW753;NW7538;4;13 368;13;"15°17'10,46""E";"4°14'23,35""S"
BZBSC3;NEW753;NW7539;4;13 369;13;"15°17'10,46""E";"4°14'23,35""S"
BZBSC2;NGABE;NGABE1;4;12 601;12;"16°8'36,6""E";"3°12'25,5""S"
BZBSC2;NGABE;NGABE2;2;12 602;12;"16°8'36,6""E";"3°12'25,5""S"
BZBSC2;NGABE;NGABE3;2;12 603;12;"16°8'36,6""E";"3°12'25,5""S"
BZBSC3;NGAMAKOSSO;NGAMAK1;4;13 161;13;"15°17'29,69""E";"4°11'59,46""S"
BZBSC3;NGAMAKOSSO;NGAMAK2;4;13 162;13;"15°17'29,69""E";"4°11'59,46""S"
BZBSC3;NGAMAKOSSO;NGAMAK3;4;13 163;13;"15°17'29,69""E";"4°11'59,46""S"
BZBSC2;NGBALA;NGBALA1;2;12 851;12;"14°53'14,28""E";"2°1'39,22""N"
BZBSC2;NGBALA;NGBALA2;2;12 852;12;"14°53'14,28""E";"2°1'39,22""N"
BZBSC2;NGBALA;NGBALA3;2;12 853;12;"14°53'14,28""E";"2°1'39,22""N"
BZBSC2;NGO;NGO1;4;12 611;12;"15°43'7,2""E";"2°30'51,8""S"
BZBSC2;NGO;NGO2;4;12 612;12;"15°43'7,2""E";"2°30'51,8""S"
BZBSC2;NGO;NGO3;4;12 613;12;"15°43'7,2""E";"2°30'51,8""S"
BZBSC2;NGOKO;NGOKO1;2;12 621;12;"15°24'50,5""E";"0°33'43,54""S"
BZBSC2;NGOKO;NGOKO2;2;12 622;12;"15°24'50,5""E";"0°33'43,54""S"
BZBSC2;NGOKO;NGOKO3;2;12 623;12;"15°24'50,5""E";"0°33'43,54""S"
BZBSC2;NGOMBE;NGOMBE1;2;12 801;12;"16°11'3,6""E";"1°25'36,1""N"
BZBSC2;NGOMBE;NGOMBE2;2;12 802;12;"16°11'3,6""E";"1°25'36,1""N"
BZBSC2;NGOMBE;NGOMBE3;2;12 803;12;"16°11'3,6""E";"1°25'36,1""N"
PNBSC2;NGOUMBI;NGUMBI1;2;22 791;22;"11°30'40,2""E";"4°9'47,5""S"
PNBSC2;NGOUMBI;NGUMBI2;2;22 792;22;"11°30'40,2""E";"4°9'47,5""S"
PNBSC2;NGOUMBI;NGUMBI3;2;22 793;22;"11°30'40,2""E";"4°9'47,5""S"
PNBSC1;NGOYO1;NGOY11;4;21 481;21;"11°54'47,6""E";"4°50'52""S"
PNBSC1;NGOYO1;NGOY12;4;21 482;21;"11°54'47,6""E";"4°50'52""S"
PNBSC1;NGOYO1;NGOY13;2;21 483;21;"11°54'47,6""E";"4°50'52""S"
PNBSC1;NGOYO1;NGOY17;2;21 487;21;"11°54'47,6""E";"4°50'52""S"
PNBSC1;NGOYO1;NGOY18;4;21 488;21;"11°54'47,6""E";"4°50'52""S"
PNBSC1;NGOYO1;NGOY19;4;21 489;21;"11°54'47,6""E";"4°50'52""S"
PNBSC1;NGOYO2;NGOY21;2;21 491;21;"11°54'33""E";"4°50'6""S"
PNBSC1;NGOYO2;NGOY22;4;21 492;21;"11°54'33""E";"4°50'6""S"
PNBSC1;NGOYO2;NGOY23;4;21 493;21;"11°54'33""E";"4°50'6""S"
PNBSC1;NGOYO2;NGOY27;4;21 497;21;"11°54'33""E";"4°50'6""S"
PNBSC1;NGOYO2;NGOY28;2;21 498;21;"11°54'33""E";"4°50'6""S"
PNBSC1;NGOYO2;NGOY29;4;21 499;21;"11°54'33""E";"4°50'6""S"
PNBSC1;NGOYO3;NGOY31;2;21 501;21;"11°54'7,7""E";"4°51'14,83""S"
PNBSC1;NGOYO3;NGOY32;2;21 502;21;"11°54'7,7""E";"4°51'14,83""S"
PNBSC1;NGOYO3;NGOY33;2;21 503;21;"11°54'7,7""E";"4°51'14,83""S"
PNBSC1;NGOYO3;NGOY37;4;21 507;21;"11°54'7,7""E";"4°51'14,83""S"
PNBSC1;NGOYO3;NGOY38;2;21 508;21;"11°54'7,7""E";"4°51'14,83""S"
PNBSC1;NGOYO3;NGOY39;2;21 509;21;"11°54'7,7""E";"4°51'14,83""S"
HWBSC01;NIANGUE;NIANG1;2;14 201;14;"18°2'51,36""E";"1°49'32,41""N"
HWBSC01;NIANGUE;NIANG2;2;14 202;14;"18°2'51,36""E";"1°49'32,41""N"
HWBSC01;NIANGUE;NIANG3;2;14 203;14;"18°2'51,36""E";"1°49'32,41""N"
BZBSC2;NKAMA;KAMA1;2;15 601;15;"14°40'11,5""E";"4°40'13""S"
BZBSC2;NKAMA;KAMA2;2;15 602;15;"14°40'11,5""E";"4°40'13""S"
BZBSC2;NKAMA;KAMA3;2;15 603;15;"14°40'11,5""E";"4°40'13""S"
PNBSC2;NKAYI1;NKAYI11;4;22 391;22;"13°16'55,59""E";"4°11'16""S"
PNBSC2;NKAYI1;NKAYI12;4;22 392;22;"13°16'55,59""E";"4°11'16""S"
PNBSC2;NKAYI1;NKAYI13;4;22 393;22;"13°16'55,59""E";"4°11'16""S"
PNBSC2;NKAYI1;NKAYI17;4;22 397;22;"13°16'55,59""E";"4°11'16""S"
PNBSC2;NKAYI1;NKAYI18;4;22 398;22;"13°16'55,59""E";"4°11'16""S"
PNBSC2;NKAYI1;NKAYI19;4;22 399;22;"13°16'55,59""E";"4°11'16""S"
PNBSC2;NKAYI2;NKAYI21;4;22 731;22;"13°17'45,87""E";"4°13'31,13""S"
PNBSC2;NKAYI3;NKAYI31;4;22 211;22;"13°16'58,44""E";"4°10'24,49""S"
PNBSC2;NKAYI3;NKAYI32;4;22 212;22;"13°16'58,44""E";"4°10'24,49""S"
PNBSC2;NKAYI3;NKAYI33;4;22 213;22;"13°16'58,44""E";"4°10'24,49""S"
PNBSC2;NKAYI3;NKAYI37;4;22 217;22;"13°16'58,44""E";"4°10'24,49""S"
PNBSC2;NKAYI3;NKAYI38;4;22 218;22;"13°16'58,44""E";"4°10'24,49""S"
PNBSC2;NKAYI3;NKAYI39;4;22 219;22;"13°16'58,44""E";"4°10'24,49""S"
PNBSC2;NKAYI4;NKAYI41;4;22 221;22;"13°17'44,16""E";"4°11'52,4""S"
PNBSC2;NKAYI4;NKAYI42;4;22 222;22;"13°17'44,16""E";"4°11'52,4""S"
PNBSC2;NKAYI4;NKAYI43;4;22 223;22;"13°17'44,16""E";"4°11'52,4""S"
PNBSC2;NKAYI4;NKAYI47;4;22 227;22;"13°17'44,16""E";"4°11'52,4""S"
PNBSC2;NKAYI4;NKAYI48;4;22 228;22;"13°17'44,16""E";"4°11'52,4""S"
PNBSC2;NKAYI4;NKAYI49;4;22 229;22;"13°17'44,16""E";"4°11'52,4""S"
BZBSC1;NKEWA;NKEWA1;4;11 011;11;"15°15'29,16""E";"4°17'32,21""S"
BZBSC1;NKEWA;NKEWA2;4;11 012;11;"15°15'29,16""E";"4°17'32,21""S"
BZBSC1;NKEWA;NKEWA3;4;11 013;11;"15°15'29,16""E";"4°17'32,21""S"
BZBSC1;NKEWA;NKEWA7;4;11 017;11;"15°15'29,16""E";"4°17'32,21""S"
BZBSC1;NKEWA;NKEWA8;4;11 018;11;"15°15'29,16""E";"4°17'32,21""S"
BZBSC1;NKEWA;NKEWA9;4;11 019;11;"15°15'29,16""E";"4°17'32,21""S"
BZBSC2;NKOUA;NKUA1;2;12 051;12;"14°27'7,2""E";"2°21'1,58""S"
BZBSC2;NKOUA;NKUA2;2;12 052;12;"14°27'7,2""E";"2°21'1,58""S"
BZBSC2;NKOUA;NKUA3;2;12 053;12;"14°27'7,2""E";"2°21'1,58""S"
BZBSC2;NSO;NSO1;2;12 631;12;"15°19'47,1""E";"2°21'11,4""S"
BZBSC2;NSO;NSO2;2;12 632;12;"15°19'47,1""E";"2°21'11,4""S"
BZBSC2;NSO;NSO3;2;12 633;12;"15°19'47,1""E";"2°21'11,4""S"
BZBSC2;NTSELE;NTSELE1;2;12 641;12;"15°53'8""E";"2°4'16,2""S"
BZBSC2;NTSELE;NTSELE2;2;12 642;12;"15°53'8""E";"2°4'16,2""S"
BZBSC2;NTSELE;NTSELE3;2;12 643;12;"15°53'8""E";"2°4'16,2""S"
PNBSC2;NYANGA;NYANGA1;2;22 351;22;"11°53'16,82""E";"2°54'51,4""S"
PNBSC2;NYANGA;NYANGA2;2;22 352;22;"11°53'16,82""E";"2°54'51,4""S"
PNBSC2;NYANGA;NYANGA3;2;22 353;22;"11°53'16,82""E";"2°54'51,4""S"
BZBSC2;NZAKOU;NZAKOU1;2;12 651;12;"15°43'49,3""E";"0°9'43,4""S"
BZBSC2;NZAKOU;NZAKOU2;2;12 652;12;"15°43'49,3""E";"0°9'43,4""S"
PNBSC2;NZAMBI;NZAMB1;2;22 381;22;"11°17'8""E";"3°57'28,4""S"
PNBSC2;NZAMBI;NZAMB2;2;22 382;22;"11°17'8""E";"3°57'28,4""S"
PNBSC2;NZAMBI;NZAMB3;2;22 383;22;"11°17'8""E";"3°57'28,4""S"
PNBSC1;NZASSI;NZASI1;2;21 511;21;"12°2'10,61""E";"4°58'52,43""S"
PNBSC1;NZASSI;NZASI2;6;21 512;21;"12°2'10,61""E";"4°58'52,43""S"
PNBSC1;NZASSI;NZASI3;4;21 513;21;"12°2'10,61""E";"4°58'52,43""S"
BZBSC2;OBEYA;OBEYA1;2;12 661;12;"15°49'5,6""E";"0°50'28,6""S"
BZBSC2;OBEYA;OBEYA2;2;12 662;12;"15°49'5,6""E";"0°50'28,6""S"
BZBSC2;OBEYA;OBEYA3;2;12 663;12;"15°49'5,6""E";"0°50'28,6""S"
BZBSC2;OBOLO;OBOLO1;2;12 901;12;"15°11'49,97""E";"1°4'12,51""S"
BZBSC2;OBOLO;OBOLO2;2;12 902;12;"15°11'49,97""E";"1°4'12,51""S"
PNBSC3;OCH1;OCH_11;4;23 471;23;"11°52'43,2""E";"4°47'54,2""S"
PNBSC3;OCH1;OCH_12;4;23 472;23;"11°52'43,2""E";"4°47'54,2""S"
PNBSC3;OCH1;OCH_13;4;23 473;23;"11°52'43,2""E";"4°47'54,2""S"
PNBSC3;OCH1;OCH_17;4;23 477;23;"11°52'43,2""E";"4°47'54,2""S"
PNBSC3;OCH1;OCH_18;4;23 478;23;"11°52'43,2""E";"4°47'54,2""S"
PNBSC3;OCH1;OCH1_9;4;23 479;23;"11°52'43,2""E";"4°47'54,2""S"
BZBSC2;ODZIBA;ODZIBA1;2;12 671;12;"15°30'47,5""E";"3°34'36,7""S"
BZBSC2;ODZIBA;ODZIBA2;4;12 672;12;"15°30'47,5""E";"3°34'36,7""S"
BZBSC2;ODZIBA;ODZIBA3;2;12 673;12;"15°30'47,5""E";"3°34'36,7""S"
BZBSC2;OKIA;OKIAA1;2;12 101;12;"15°13'53,76""E";"0°47'57,2""S"
BZBSC2;OKIA;OKIAA2;2;12 102;12;"15°13'53,76""E";"0°47'57,2""S"
BZBSC2;OKIA;OKIAA3;2;12 103;12;"15°13'53,76""E";"0°47'57,2""S"
BZBSC2;OKOYO;OKOYO1;2;12 911;12;"15°4'44,7""E";"1°27'58""S"
BZBSC2;OKOYO;OKOYO2;2;12 912;12;"15°4'44,7""E";"1°27'58""S"
BZBSC2;OKOYO;OKOYO3;2;12 913;12;"15°4'44,7""E";"1°27'58""S"
BZBSC2;OLOMBO;OLOMBO1;4;12 681;12;"15°53'37,9""E";"1°17'1""S"
BZBSC2;OLOMBO;OLOMBO2;4;12 682;12;"15°53'37,9""E";"1°17'1""S"
BZBSC2;OLOMBO;OLOMBO3;2;12 683;12;"15°53'37,9""E";"1°17'1""S"
BZBSC3;OLYMPIC;OLMPIC7;4;13 637;13;"15°16'17,12""E";"4°16'27,89""S"
BZBSC3;OLYMPIC;OLMPIC8;4;13 638;13;"15°16'17,12""E";"4°16'27,89""S"
BZBSC3;OLYMPIC;OLMPIC9;4;13 639;13;"15°16'17,12""E";"4°16'27,89""S"
BZBSC2;OMBIMA;OMBIMA1;2;12 691;12;"15°48'32,2""E";"2°20'21,2""S"
BZBSC2;OMBIMA;OMBIMA2;2;12 692;12;"15°48'32,2""E";"2°20'21,2""S"
BZBSC2;OMBIMA;OMBIMA3;4;12 693;12;"15°48'32,2""E";"2°20'21,2""S"
BZBSC1;OMBRE;OMBRE1;4;11 371;11;"15°14'47,83""E";"4°14'3,26""S"
BZBSC1;OMBRE;OMBRE2;4;11 372;11;"15°14'47,83""E";"4°14'3,26""S"
BZBSC1;OMBRE;OMBRE3;4;11 373;11;"15°14'47,83""E";"4°14'3,26""S"
BZBSC1;OMBRE;OMBRE7;4;11 377;11;"15°14'47,83""E";"4°14'3,26""S"
BZBSC1;OMBRE;OMBRE8;4;11 378;11;"15°14'47,83""E";"4°14'3,26""S"
BZBSC1;OMBRE;OMBRE9;4;11 379;11;"15°14'47,83""E";"4°14'3,26""S"
BZBSC1;OMS;OMS1;4;11 231;11;"15°13'6,64""E";"4°18'15,91""S"
BZBSC1;OMS;OMS2;4;11 232;11;"15°13'6,64""E";"4°18'15,91""S"
BZBSC1;OMS;OMS3;4;11 233;11;"15°13'6,64""E";"4°18'15,91""S"
BZBSC1;OMS;OMS7;4;11 237;11;"15°13'6,64""E";"4°18'15,91""S"
BZBSC1;OMS;OMS8;2;11 238;11;"15°13'6,64""E";"4°18'15,91""S"
BZBSC1;OMS;OMS9;4;11 239;11;"15°13'6,64""E";"4°18'15,91""S"
BZBSC1;OMSOFFICE;OMSOFF1;4;11 361;11;"15°12'14,26""E";"4°18'10,22""S"
BZBSC1;OMSOFFICE;OMSOFF2;4;11 362;11;"15°12'14,26""E";"4°18'10,22""S"
BZBSC1;OMSOFFICE;OMSOFF3;4;11 363;11;"15°12'14,26""E";"4°18'10,22""S"
BZBSC1;OMSOFFICE;OMSOFF7;2;11 367;11;"15°12'14,26""E";"4°18'10,22""S"
BZBSC1;OMSOFFICE;OMSOFF8;2;11 368;11;"15°12'14,26""E";"4°18'10,22""S"
BZBSC1;OMSOFFICE;OMSOFF9;2;11 369;11;"15°12'14,26""E";"4°18'10,22""S"
BZBSC2;ONGONI;ONGONI1;2;12 701;12;"16°0'33,7""E";"1°35'36,5""S"
BZBSC2;ONGONI;ONGONI2;2;12 702;12;"16°0'33,7""E";"1°35'36,5""S"
BZBSC2;ONGONI;ONGONI3;2;12 703;12;"16°0'33,7""E";"1°35'36,5""S"
BZBSC3;ONPT;ONPT11;4;13 291;13;"15°16'46,09""E";"4°16'34,57""S"
BZBSC3;ONPT;ONPT12;4;13 292;13;"15°16'46,09""E";"4°16'34,57""S"
BZBSC3;ONPT;ONPT13;4;13 293;13;"15°16'46,09""E";"4°16'34,57""S"
BZBSC3;ONPT;ONPT17;4;13 297;13;"15°16'46,09""E";"4°16'34,57""S"
BZBSC3;ONPT;ONPT18;4;13 298;13;"15°16'46,09""E";"4°16'34,57""S"
BZBSC3;ONPT;ONPT19;4;13 299;13;"15°16'46,09""E";"4°16'34,57""S"
BZBSC2;OTSENDE;OTSNDE1;2;12 711;12;"15°49'48,6""E";"1°1'3,7""S"
BZBSC2;OTSENDE;OTSNDE2;2;12 712;12;"15°49'48,6""E";"1°1'3,7""S"
BZBSC2;OTSENDE;OTSNDE3;2;12 713;12;"15°49'48,6""E";"1°1'3,7""S"
BZBSC3;OUENZE;UENZE1;4;13 181;13;"15°16'58,01""E";"4°14'45,46""S"
BZBSC3;OUENZE;UENZE2;4;13 182;13;"15°16'58,01""E";"4°14'45,46""S"
BZBSC3;OUENZE;UENZE3;4;13 183;13;"15°16'58,01""E";"4°14'45,46""S"
BZBSC3;OUENZE;UENZE7;4;13 187;13;"15°16'58,01""E";"4°14'45,46""S"
BZBSC3;OUENZE;UENZE8;4;13 188;13;"15°16'58,01""E";"4°14'45,46""S"
BZBSC3;OUENZE;UENZE9;4;13 189;13;"15°16'58,01""E";"4°14'45,46""S"
BZBSC2;OUESSO1;OUESO11;4;12 721;12;"16°3'0,2""E";"1°36'16""N"
BZBSC2;OUESSO1;OUESO12;4;12 722;12;"16°3'0,2""E";"1°36'16""N"
BZBSC2;OUESSO2;OUESO21;4;12 731;12;"16°3'4""E";"1°37'14,17""N"
BZBSC2;OUESSO2;OUESO22;4;12 732;12;"16°3'4""E";"1°37'14,17""N"
BZBSC2;OUESSO2;OUESO23;4;12 733;12;"16°3'4""E";"1°37'14,17""N"
BZBSC2;OWANDO1;OWAND11;4;12 741;12;"15°53'57,8""E";"0°28'38,2""S"
BZBSC2;OWANDO1;OWAND12;6;12 742;12;"15°53'57,8""E";"0°28'38,2""S"
BZBSC2;OWANDO1;OWAND13;6;12 743;12;"15°53'57,8""E";"0°28'38,2""S"
BZBSC2;OWANDO1;OWAND17;4;12 747;12;"15°53'57,8""E";"0°28'38,2""S"
BZBSC2;OWANDO1;OWAND18;4;12 748;12;"15°53'57,8""E";"0°28'38,2""S"
BZBSC2;OWANDO1;OWAND19;4;12 749;12;"15°53'57,8""E";"0°28'38,2""S"
BZBSC2;OWANDO2;OWAND21;4;12 161;12;"15°55'27,42""E";"0°30'48,64""S"
BZBSC2;OWANDO2;OWAND22;2;12 162;12;"15°55'27,42""E";"0°30'48,64""S"
BZBSC2;OWANDO2;OWAND23;2;12 163;12;"15°55'27,42""E";"0°30'48,64""S"
BZBSC2;OWANDO3;OWAND31;6;12 181;12;"15°51'33""E";"0°29'4,4""S"
BZBSC2;OWANDO3;OWAND32;6;12 182;12;"15°51'33""E";"0°29'4,4""S"
BZBSC2;OWANDO3;OWAND33;4;12 183;12;"15°51'33""E";"0°29'4,4""S"
BZBSC2;OYO;OYO11;4;12 751;12;"15°58'21,83""E";"1°9'26,67""S"
BZBSC2;OYO;OYO12;4;12 752;12;"15°58'21,83""E";"1°9'26,67""S"
BZBSC2;OYO;OYO13;4;12 753;12;"15°58'21,83""E";"1°9'26,67""S"
BZBSC2;OYO;OYO17;4;12 757;12;"15°58'21,83""E";"1°9'26,67""S"
BZBSC2;OYO;OYO18;4;12 758;12;"15°58'21,83""E";"1°9'26,67""S"
BZBSC2;OYO;OYO19;4;12 759;12;"15°58'21,83""E";"1°9'26,67""S"
PNBSC3;CG TCHIKAYA;CGTCHI1;4;23021;23;"11°50'40,06""E";"4°48'9,4""S"
PNBSC3;CG TCHIKAYA;CGTCHI2;4;23022;23;"11°50'40,06""E";"4°48'9,4""S"
PNBSC3;CG TCHIKAYA;CGTCHI3;4;23023;23;"11°50'40,06""E";"4°48'9,4""S"
PNBSC3;CG TCHIKAYA;CGTCHI7;4;23027;23;"11°50'40,06""E";"4°48'9,4""S"
PNBSC3;CG TCHIKAYA;CGTCHI8;4;23028;23;"11°50'40,06""E";"4°48'9,4""S"
PNBSC3;CG TCHIKAYA;CGTCHI9;4;23029;23;"11°50'40,06""E";"4°48'9,4""S"
BZBSC3;PAMBORO;PAMBOR1;4;13 251;13;"15°15'17,57""E";"4°11'30,95""S"
BZBSC3;PAMBORO;PAMBOR2;4;13 252;13;"15°15'17,57""E";"4°11'30,95""S"
BZBSC3;PAMBORO;PAMBOR3;4;13 253;13;"15°15'17,57""E";"4°11'30,95""S"
BZBSC3;PAMBORO;PAMBOR7;4;13 257;13;"15°15'17,57""E";"4°11'30,95""S"
BZBSC3;PAMBORO;PAMBOR8;4;13 258;13;"15°15'17,57""E";"4°11'30,95""S"
BZBSC3;PAMBORO;PAMBOR9;4;13 259;13;"15°15'17,57""E";"4°11'30,95""S"
PNBSC1;PATRA;PATRA1;4;21 521;21;"11°55'10,2""E";"4°49'22,4""S"
PNBSC1;PATRA;PATRA2;4;21 522;21;"11°55'10,2""E";"4°49'22,4""S"
PNBSC1;PATRA;PATRA3;2;21 523;21;"11°55'10,2""E";"4°49'22,4""S"
PNBSC1;PATRA;PATRA7;2;21 527;21;"11°55'10,2""E";"4°49'22,4""S"
PNBSC1;PATRA;PATRA8;4;21 528;21;"11°55'10,2""E";"4°49'22,4""S"
PNBSC1;PATRA;PATRA9;4;21 529;21;"11°55'10,2""E";"4°49'22,4""S"
BZBSC3;PETIT_CHOSE;PETIC1;4;13 171;13;"15°17'46,18""E";"4°12'21,35""S"
BZBSC3;PETIT_CHOSE;PETIC2;4;13 172;13;"15°17'46,18""E";"4°12'21,35""S"
BZBSC3;PETIT_CHOSE;PETIC3;4;13 173;13;"15°17'46,18""E";"4°12'21,35""S"
BZBSC3;PETIT_CHOSE;PETIC7;4;13 177;13;"15°17'46,18""E";"4°12'21,35""S"
BZBSC3;PETIT_CHOSE;PETIC8;4;13 178;13;"15°17'46,18""E";"4°12'21,35""S"
BZBSC3;PETIT_CHOSE;PETIC9;4;13 179;13;"15°17'46,18""E";"4°12'21,35""S"
PNBSC2;PK106;PK1061;2;22 411;22;"12°38'45,1""E";"3°22'52,5""S"
PNBSC2;PK106;PK1062;2;22 412;22;"12°38'45,1""E";"3°22'52,5""S"
PNBSC2;PK106;PK1063;4;22 413;22;"12°38'45,1""E";"3°22'52,5""S"
PNBSC2;PK186;PK1861;2;22 421;22;"12°40'54,6""E";"2°45'29,2""S"
PNBSC2;PK186;PK1862;2;22 422;22;"12°40'54,6""E";"2°45'29,2""S"
PNBSC2;PK186;PK1863;2;22 423;22;"12°40'54,6""E";"2°45'29,2""S"
BZBSC3;PK45;PK_451;4;13 391;13;"15°22'35,7""E";"3°59'27,4""S"
BZBSC3;PK45;PK_452;2;13 392;13;"15°22'35,7""E";"3°59'27,4""S"
BZBSC3;PK45;PK_453;4;13 393;13;"15°22'35,7""E";"3°59'27,4""S"
PNBSC3;PLATEAU1_PNR;PLATAU1;4;23 481;23;"11°51'25,34""E";"4°47'28,82""S"
PNBSC3;PLATEAU1_PNR;PLATAU2;8;23 482;23;"11°51'25,34""E";"4°47'28,82""S"
PNBSC3;PLATEAU1_PNR;PLATAU3;4;23 483;23;"11°51'25,34""E";"4°47'28,82""S"
PNBSC3;PLATEAU1_PNR;PLATAU7;4;23 487;23;"11°51'25,34""E";"4°47'28,82""S"
PNBSC3;PLATEAU1_PNR;PLATAU8;8;23 488;23;"11°51'25,34""E";"4°47'28,82""S"
PNBSC3;PLATEAU1_PNR;PLATAU9;4;23 489;23;"11°51'25,34""E";"4°47'28,82""S"
BZBSC3;PLATEAUX_BZV;PLATO1;4;13 011;13;"15°16'2,24""E";"4°15'27,94""S"
BZBSC3;PLATEAUX_BZV;PLATO2;4;13 012;13;"15°16'2,24""E";"4°15'27,94""S"
BZBSC3;PLATEAUX_BZV;PLATO3;4;13 013;13;"15°16'2,24""E";"4°15'27,94""S"
BZBSC3;PLATEAUX_BZV;PLATO7;4;13 017;13;"15°16'2,24""E";"4°15'27,94""S"
BZBSC3;PLATEAUX_BZV;PLATO8;4;13 018;13;"15°16'2,24""E";"4°15'27,94""S"
BZBSC3;PLATEAUX_BZV;PLATO9;4;13 019;13;"15°16'2,24""E";"4°15'27,94""S"
PNBSC3;GOUNTA;GOUNTA1;4;23011;23;"11°51'13,39""E";"4°47'57,34""S"
PNBSC3;GOUNTA;GOUNTA2;4;23012;23;"11°51'13,39""E";"4°47'57,34""S"
PNBSC3;GOUNTA;GOUNTA3;4;23013;23;"11°51'13,39""E";"4°47'57,34""S"
PNBSC3;SOPICOM;SOPICO1;4;23051;23;"11°51'0,83""E";"4°48'18,32""S"
PNBSC3;SOPICOM;SOPICO2;4;23052;23;"11°51'0,83""E";"4°48'18,32""S"
PNBSC3;SOPICOM;SOPICO3;4;23053;23;"11°51'0,83""E";"4°48'18,32""S"
PNBSC3;SAGA;SAGA1;4;23031;23;"11°50'14,39""E";"4°47'34,66""S"
PNBSC3;SAGA;SAGA2;4;23032;23;"11°50'14,39""E";"4°47'34,66""S"
PNBSC3;SAGA;SAGA3;4;23033;23;"11°50'14,39""E";"4°47'34,66""S"
BZBSC2;POKOLA;POKOLA1;4;12 011;12;"16°19'4,2""E";"1°24'43,6""N"
BZBSC2;POKOLA;POKOLA2;4;12 012;12;"16°19'4,2""E";"1°24'43,6""N"
BZBSC2;POKOLA;POKOLA3;4;12 013;12;"16°19'4,2""E";"1°24'43,6""N"
PNBSC3;PORT1;PORT_11;4;23 491;23;"11°50'10,9""E";"4°47'44,2""S"
PNBSC3;PORT1;PORT_12;4;23 492;23;"11°50'10,9""E";"4°47'44,2""S"
PNBSC3;PORT1;PORT_13;4;23 493;23;"11°50'10,9""E";"4°47'44,2""S"
PNBSC3;PORT1;PORT_17;4;23 497;23;"11°50'10,9""E";"4°47'44,2""S"
PNBSC3;PORT1;PORT_18;4;23 498;23;"11°50'10,9""E";"4°47'44,2""S"
PNBSC3;PORT1;PORT_19;4;23 499;23;"11°50'10,9""E";"4°47'44,2""S"
PNBSC3;PORT2;PORT_27;4;23 607;23;"11°49'29,4""E";"4°47'14""S"
PNBSC3;PORT2;PORT_28;4;23 608;23;"11°49'29,4""E";"4°47'14""S"
PNBSC3;PORT2;PORT_29;2;23 609;23;"11°49'29,4""E";"4°47'14""S"
BZBSC3;POTO-POTO1;POTOP11;4;13 351;13;"15°17'3,26""E";"4°15'57,64""S"
BZBSC3;POTO-POTO1;POTOP12;4;13 352;13;"15°17'3,26""E";"4°15'57,64""S"
BZBSC3;POTO-POTO1;POTOP13;4;13 353;13;"15°17'3,26""E";"4°15'57,64""S"
BZBSC3;POTO-POTO1;POTOP17;12;13 357;13;"15°17'3,26""E";"4°15'57,64""S"
BZBSC3;POTO-POTO1;POTOP18;8;13 358;13;"15°17'3,26""E";"4°15'57,64""S"
BZBSC3;POTO-POTO1;POTOP19;12;13 359;13;"15°17'3,26""E";"4°15'57,64""S"
BZBSC3;POTO-POTO3;POTO31;4;13 471;13;"15°17'13,41""E";"4°15'30,18""S"
BZBSC3;POTO-POTO3;POTO32;4;13 472;13;"15°17'13,41""E";"4°15'30,18""S"
BZBSC3;POTO-POTO3;POTO33;4;13 473;13;"15°17'13,41""E";"4°15'30,18""S"
BZBSC3;POTO-POTO3;POTO37;4;13 477;13;"15°17'13,41""E";"4°15'30,18""S"
BZBSC3;POTO-POTO3;POTO38;4;13 478;13;"15°17'13,41""E";"4°15'30,18""S"
BZBSC3;POTO-POTO3;POTO39;4;13 479;13;"15°17'13,41""E";"4°15'30,18""S"
PNBSC1;POUDRIERE;PUDR17;8;21 537;21;"11°53'39,7""E";"4°48'35,5""S"
PNBSC1;POUDRIERE;PUDR18;6;21 538;21;"11°53'39,7""E";"4°48'35,5""S"
PNBSC1;POUDRIERE;PUDR19;4;21 539;21;"11°53'39,7""E";"4°48'35,5""S"
BZBSC1;PRESIDENCE;PRESID1;2;11 891;11;"15°16'5,36""E";"4°17'1,89""S"
BZBSC1;PRESIDENCE;PRESID2;2;11 892;11;"15°16'5,36""E";"4°17'1,89""S"
BZBSC1;PRESIDENCE;PRESID3;4;11 893;11;"15°16'5,36""E";"4°17'1,89""S"
BZBSC1;PRESIDENCE;PRESID7;4;11 897;11;"15°16'5,36""E";"4°17'1,89""S"
BZBSC1;PRESIDENCE;PRESID8;4;11 898;11;"15°16'5,36""E";"4°17'1,89""S"
BZBSC1;PRESIDENCE;PRESID9;4;11 899;11;"15°16'5,36""E";"4°17'1,89""S"
BZBSC3;PSP_TSIEME;PSPT7;8;13 377;13;"15°16'45,5""E";"4°13'35,4""S"
BZBSC3;PSP_TSIEME;PSPT8;8;13 378;13;"15°16'45,5""E";"4°13'35,4""S"
BZBSC3;PSP_TSIEME;PSPT9;4;13 379;13;"15°16'45,5""E";"4°13'35,4""S"
PNBSC3;PTT;PTT11;4;23 501;23;"11°51'59,6""E";"4°47'9,7""S"
PNBSC3;PTT;PTT12;4;23 502;23;"11°51'59,6""E";"4°47'9,7""S"
PNBSC3;PTT;PTT13;4;23 503;23;"11°51'59,6""E";"4°47'9,7""S"
PNBSC3;PTT;PTT17;12;23 507;23;"11°51'59,6""E";"4°47'9,7""S"
PNBSC3;PTT;PTT18;12;23 508;23;"11°51'59,6""E";"4°47'9,7""S"
PNBSC3;PTT;PTT19;12;23 509;23;"11°51'59,6""E";"4°47'9,7""S"
PNBSC1;QTIER_MOUYONDZI;QMUYON1;4;21 541;21;"11°53'24""E";"4°48'3""S"
PNBSC1;QTIER_MOUYONDZI;QMUYON2;4;21 542;21;"11°53'24""E";"4°48'3""S"
PNBSC1;QTIER_MOUYONDZI;QMUYON3;4;21 543;21;"11°53'24""E";"4°48'3""S"
PNBSC1;QTIER_MOUYONDZI;QMUYON7;4;21 547;21;"11°53'24""E";"4°48'3""S"
PNBSC1;QTIER_MOUYONDZI;QMUYON8;4;21 548;21;"11°53'24""E";"4°48'3""S"
PNBSC1;QTIER_MOUYONDZI;QMUYON9;4;21 549;21;"11°53'24""E";"4°48'3""S"
BZBSC2;REPEATER_TSAMA;TSAMA1;2;12 191;12;"14°32'0,14""E";"0°31'43,7""S"
BZBSC2;REPEATER_TSAMA;TSAMA2;2;12 192;12;"14°32'0,14""E";"0°31'43,7""S"
BZBSC2;REPEATER_TSAMA;TSAMA3;2;12 193;12;"14°32'0,14""E";"0°31'43,7""S"
PNBSC3;SAINTKISITO;KISITO1;4;23 591;23;"11°52'58,8""E";"4°46'4,69""S"
PNBSC3;SAINTKISITO;KISITO2;4;23 592;23;"11°52'58,8""E";"4°46'4,69""S"
PNBSC3;SAINTKISITO;KISITO3;2;23 593;23;"11°52'58,8""E";"4°46'4,69""S"
PNBSC3;SAINTKISITO;KISITO7;4;23 597;23;"11°52'58,8""E";"4°46'4,69""S"
PNBSC3;SAINTKISITO;KISITO8;4;23 598;23;"11°52'58,8""E";"4°46'4,69""S"
PNBSC3;SAINTKISITO;KISITO9;4;23 599;23;"11°52'58,8""E";"4°46'4,69""S"
PNBSC3;SAINT-PIERRE;SPIERR1;4;23 531;23;"11°51'55""E";"4°47'31""S"
PNBSC3;SAINT-PIERRE;SPIERR2;4;23 532;23;"11°51'55""E";"4°47'31""S"
PNBSC3;SAINT-PIERRE;SPIERR3;4;23 533;23;"11°51'55""E";"4°47'31""S"
PNBSC3;SAINT-PIERRE;SPIERR7;4;23 537;23;"11°51'55""E";"4°47'31""S"
PNBSC3;SAINT-PIERRE;SPIERR8;4;23 538;23;"11°51'55""E";"4°47'31""S"
PNBSC3;SAINT-PIERRE;SPIERR9;4;23 539;23;"11°51'55""E";"4°47'31""S"
BZBSC1;SANGOLO;SANGOL1;2;11 761;11;"15°12'13,9""E";"4°18'32,8""S"
BZBSC1;SANGOLO;SANGOL2;2;11 762;11;"15°12'13,9""E";"4°18'32,8""S"
BZBSC1;SANGOLO;SANGOL3;2;11 763;11;"15°12'13,9""E";"4°18'32,8""S"
BZBSC3;SANKARA_AIRTEL;MRSANK1;4;13 501;13;"15°15'33,2""E";"4°12'22,9""S"
BZBSC3;SANKARA_AIRTEL;MRSANK2;4;13 502;13;"15°15'33,2""E";"4°12'22,9""S"
BZBSC3;SANKARA_AIRTEL;MRSANK3;4;13 503;13;"15°15'33,2""E";"4°12'22,9""S"
BZBSC3;SANKARA_AIRTEL;MRSANK7;4;13 507;13;"15°15'33,2""E";"4°12'22,9""S"
BZBSC3;SANKARA_AIRTEL;MRSANK8;4;13 508;13;"15°15'33,2""E";"4°12'22,9""S"
BZBSC3;SANKARA_AIRTEL;MRSANK9;4;13 509;13;"15°15'33,2""E";"4°12'22,9""S"
BZBSC2;SEMBE;SEMBE1;2;12 041;12;"14°33'35,64""E";"1°39'46,01""N"
BZBSC2;SEMBE;SEMBE2;2;12 042;12;"14°33'35,64""E";"1°39'46,01""N"
BZBSC2;SEMBE;SEMBE3;4;12 043;12;"14°33'35,64""E";"1°39'46,01""N"
PNBSC3;SIAFOUMOU;SIAFU1;4;23 581;23;"11°51'37""E";"4°44'19""S"
PNBSC3;SIAFOUMOU;SIAFU2;4;23 582;23;"11°51'37""E";"4°44'19""S"
PNBSC3;SIAFOUMOU;SIAFU3;4;23 583;23;"11°51'37""E";"4°44'19""S"
PNBSC3;SIAFOUMOU;SIAFU7;4;23 587;23;"11°51'37""E";"4°44'19""S"
PNBSC3;SIAFOUMOU;SIAFU8;4;23 588;23;"11°51'37""E";"4°44'19""S"
PNBSC3;SIAFOUMOU;SIAFU9;4;23 589;23;"11°51'37""E";"4°44'19""S"
PNBSC2;SIBITI;SIBITI1;6;22 431;22;"13°20'43,1""E";"3°41'15,1""S"
PNBSC2;SIBITI;SIBITI2;2;22 432;22;"13°20'43,1""E";"3°41'15,1""S"
PNBSC2;SIBITI;SIBITI3;4;22 433;22;"13°20'43,1""E";"3°41'15,1""S"
PNBSC3;SIEGE;SIEGE11;4;23 511;23;"11°50'49,1""E";"4°47'56,1""S"
PNBSC3;SIEGE;SIEGE12;4;23 512;23;"11°50'49,1""E";"4°47'56,1""S"
PNBSC3;SIEGE;SIEGE13;4;23 513;23;"11°50'49,1""E";"4°47'56,1""S"
PNBSC3;SIEGE;SIEGE17;12;23 517;23;"11°50'49,1""E";"4°47'56,1""S"
PNBSC3;SIEGE;SIEGE18;8;23 518;23;"11°50'49,1""E";"4°47'56,1""S"
PNBSC3;SIEGE;SIEGE19;8;23 519;23;"11°50'49,1""E";"4°47'56,1""S"
PNBSC3;SONGOLO;SONGO1;4;23 521;23;"11°51'32""E";"4°45'44""S"
PNBSC3;SONGOLO;SONGO2;4;23 522;23;"11°51'32""E";"4°45'44""S"
PNBSC3;SONGOLO;SONGO3;2;23 523;23;"11°51'32""E";"4°45'44""S"
PNBSC3;SONGOLO;SONGO7;4;23 527;23;"11°51'32""E";"4°45'44""S"
PNBSC3;SONGOLO;SONGO8;4;23 528;23;"11°51'32""E";"4°45'44""S"
PNBSC3;SONGOLO;SONGO9;2;23 529;23;"11°51'32""E";"4°45'44""S"
BZBSC3;SOPROGI;SOPROG1;4;13 681;13;"15°15'48,24""E";"4°9'28,91""S"
BZBSC3;SOPROGI;SOPROG2;2;13 682;13;"15°15'48,24""E";"4°9'28,91""S"
BZBSC3;SOPROGI;SOPROG3;4;13 683;13;"15°15'48,24""E";"4°9'28,91""S"
BZBSC3;SOPROGI;SOPROG7;4;13 687;13;"15°15'48,24""E";"4°9'28,91""S"
BZBSC3;SOPROGI;SOPROG8;2;13 688;13;"15°15'48,24""E";"4°9'28,91""S"
BZBSC3;SOPROGI;SOPROG9;6;13 689;13;"15°15'48,24""E";"4°9'28,91""S"
BZBSC2;SOUANKE;SUANKE1;2;12 151;12;"14°7'57,36""E";"2°3'33,7""N"
BZBSC2;SOUANKE;SUANKE2;2;12 152;12;"14°7'57,36""E";"2°3'33,7""N"
BZBSC2;SOUANKE;SUANKE3;2;12 153;12;"14°7'57,36""E";"2°3'33,7""N"
BZBSC2;STATION;STATIO1;4;15 701;15;"14°15'52,9""E";"4°14'37,8""S"
BZBSC2;STATION;STATIO2;2;15 702;15;"14°15'52,9""E";"4°14'37,8""S"
BZBSC2;STATION;STATIO3;2;15 703;15;"14°15'52,9""E";"4°14'37,8""S"
PNBSC3;SYMPATHIQUE;SYMPTH7;8;23 547;23;"11°51'56,2""E";"4°46'22,1""S"
PNBSC3;SYMPATHIQUE;SYMPTH8;8;23 548;23;"11°51'56,2""E";"4°46'22,1""S"
PNBSC3;SYMPATHIQUE;SYMPTH9;8;23 549;23;"11°51'56,2""E";"4°46'22,1""S"
BZBSC2;TALATALA;TALA1;2;12 941;12;"15°16'58,8""E";"1°56'19,1""N"
BZBSC2;TALATALA;TALA2;2;12 942;12;"15°16'58,8""E";"1°56'19,1""N"
BZBSC2;TALATALA;TALA3;2;12 943;12;"15°16'58,8""E";"1°56'19,1""N"
PNBSC3;TCHIALI1;TSIAL11;4;23 551;23;"11°51'50""E";"4°44'54,4""S"
PNBSC3;TCHIALI1;TSIAL12;4;23 552;23;"11°51'50""E";"4°44'54,4""S"
PNBSC3;TCHIALI1;TSIAL13;4;23 553;23;"11°51'50""E";"4°44'54,4""S"
PNBSC3;TCHIALI1;TSIAL17;4;23 557;23;"11°51'50""E";"4°44'54,4""S"
PNBSC3;TCHIALI1;TSIAL18;4;23 558;23;"11°51'50""E";"4°44'54,4""S"
PNBSC3;TCHIALI1;TSIAL19;4;23 559;23;"11°51'50""E";"4°44'54,4""S"
PNBSC3;TCHIALI2;TSIAL27;4;23 561;23;"11°52'38,6""E";"4°44'21,88""S"
PNBSC3;TCHIALI2;TSIAL28;4;23 562;23;"11°52'38,6""E";"4°44'21,88""S"
PNBSC3;TCHIALI2;TSIAL29;4;23 563;23;"11°52'38,6""E";"4°44'21,88""S"
PNBSC3;TCHIALI2;TSIAL21;4;23 567;23;"11°52'38,6""E";"4°44'21,88""S"
PNBSC3;TCHIALI2;TSIAL22;4;23 568;23;"11°52'38,6""E";"4°44'21,88""S"
PNBSC3;TCHIALI2;TSIAL23;4;23 569;23;"11°52'38,6""E";"4°44'21,88""S"
PNBSC1;TCHIMBAMBA;TCHIMB1;4;21 551;21;"11°52'20""E";"4°49'33""S"
PNBSC1;TCHIMBAMBA;TCHIMB2;2;21 552;21;"11°52'20""E";"4°49'33""S"
PNBSC1;TCHIMBAMBA;TCHIMB3;2;21 553;21;"11°52'20""E";"4°49'33""S"
PNBSC1;TCHIMBAMBA;TCHIMB7;4;21 557;21;"11°52'20""E";"4°49'33""S"
PNBSC1;TCHIMBAMBA;TCHIMB8;2;21 558;21;"11°52'20""E";"4°49'33""S"
PNBSC1;TCHIMBAMBA;TCHIMB9;2;21 559;21;"11°52'20""E";"4°49'33""S"
PNBSC1;TCHITANDZI;TCHITA1;2;21 331;21;"12°5'52,33""E";"4°55'23,92""S"
PNBSC1;TCHITANDZI;TCHITA2;2;21 332;21;"12°5'52,33""E";"4°55'23,92""S"
PNBSC1;TCHITANDZI;TCHITA3;2;21 333;21;"12°5'52,33""E";"4°55'23,92""S"
BZBSC1;TDC;TDC1;4;11 411;11;"15°15'2,9""E";"4°16'49,8""S"
BZBSC1;TDC;TDC2;4;11 412;11;"15°15'2,9""E";"4°16'49,8""S"
BZBSC1;TDC;TDC3;2;11 413;11;"15°15'2,9""E";"4°16'49,8""S"
BZBSC1;TDC;TDC7;4;11 417;11;"15°15'2,9""E";"4°16'49,8""S"
BZBSC1;TDC;TDC8;4;11 418;11;"15°15'2,9""E";"4°16'49,8""S"
BZBSC1;TDC;TDC9;4;11 419;11;"15°15'2,9""E";"4°16'49,8""S"
PNBSC3;TIETIE;TIETI1;4;23 571;23;"11°53'17,9""E";"4°47'26,4""S"
PNBSC3;TIETIE;TIETI2;4;23 572;23;"11°53'17,9""E";"4°47'26,4""S"
PNBSC3;TIETIE;TIETI3;4;23 573;23;"11°53'17,9""E";"4°47'26,4""S"
PNBSC3;TIETIE;TIETI7;4;23 577;23;"11°53'17,9""E";"4°47'26,4""S"
PNBSC3;TIETIE;TIETI8;4;23 578;23;"11°53'17,9""E";"4°47'26,4""S"
PNBSC3;TIETIE;TIETI9;4;23 579;23;"11°53'17,9""E";"4°47'26,4""S"
BZBSC2;TIKAPIKA;TIKAPI1;2;12 771;12;"16°10'15,75""E";"1°15'10,69""S"
BZBSC2;TIKAPIKA;TIKAPI2;2;12 772;12;"16°10'15,75""E";"1°15'10,69""S"
BZBSC2;TIKAPIKA;TIKAPI3;2;12 773;12;"16°10'15,75""E";"1°15'10,69""S"
PNBSC2;TITONDI;TITODI1;2;22 491;22;"12°9'29,79""E";"4°32'38,14""S"
PNBSC2;TITONDI;TITODI2;2;22 492;22;"12°9'29,79""E";"4°32'38,14""S"
PNBSC2;TITONDI;TITODI3;2;22 493;22;"12°9'29,79""E";"4°32'38,14""S"
BZBSC2;TONGO;TONGO1;2;12 921;12;"16°18'24,8""E";"1°23'21,8""S"
BZBSC2;TONGO;TONGO2;2;12 922;12;"16°18'24,8""E";"1°23'21,8""S"
BZBSC2;TONGO;TONGO3;2;12 923;12;"16°18'24,8""E";"1°23'21,8""S"
BZBSC2;TONGO_SUD;TONGOS1;2;15 991;15;"13°48'56,52""E";"3°12'1,3""S"
BZBSC2;TONGO_SUD;TONGOS2;2;15 992;15;"13°48'56,52""E";"3°12'1,3""S"
BZBSC2;TONGO_SUD;TONGOS3;2;15 993;15;"13°48'56,52""E";"3°12'1,3""S"
BZBSC1;TOTALMARKET;TOTAL1;4;11 771;11;"15°14'39,2""E";"4°17'8,2""S"
BZBSC1;TOTALMARKET;TOTAL2;4;11 772;11;"15°14'39,2""E";"4°17'8,2""S"
BZBSC1;TOTALMARKET;TOTAL3;2;11 773;11;"15°14'39,2""E";"4°17'8,2""S"
BZBSC1;TOTALMARKET;TOTAL7;4;11 777;11;"15°14'39,2""E";"4°17'8,2""S"
BZBSC1;TOTALMARKET;TOTAL8;4;11 778;11;"15°14'39,2""E";"4°17'8,2""S"
BZBSC1;TOTALMARKET;TOTAL9;4;11 779;11;"15°14'39,2""E";"4°17'8,2""S"
BZBSC2;TSIAKI;TSIAK1;2;15 181;15;"13°52'13,35""E";"3°46'17,41""S"
BZBSC2;TSIAKI;TSIAK2;2;15 182;15;"13°52'13,35""E";"3°46'17,41""S"
BZBSC2;TSIAKI;TSIAK3;2;15 183;15;"13°52'13,35""E";"3°46'17,41""S"
PNBSC1;TSIMANI;TIMANI1;2;21 561;21;"11°53'59""E";"4°49'22,8""S"
PNBSC1;TSIMANI;TIMANI2;4;21 562;21;"11°53'59""E";"4°49'22,8""S"
PNBSC1;TSIMANI;TIMANI3;4;21 563;21;"11°53'59""E";"4°49'22,8""S"
PNBSC1;TSIMANI;TIMANI7;4;21 567;21;"11°53'59""E";"4°49'22,8""S"
PNBSC1;TSIMANI;TIMANI8;4;21 568;21;"11°53'59""E";"4°49'22,8""S"
PNBSC1;TSIMANI;TIMANI9;4;21 569;21;"11°53'59""E";"4°49'22,8""S"
BZBSC2;VAGA;VAGGA1;2;12 111;12;"14°35'2,76""E";"1°10'57,11""S"
BZBSC2;VAGA;VAGGA2;2;12 112;12;"14°35'2,76""E";"1°10'57,11""S"
BZBSC2;VAGA;VAGGA3;2;12 113;12;"14°35'2,76""E";"1°10'57,11""S"
PNBSC3;VILLAGE_DES_VOILIERS;VOILIE1;4;23091;23;"11°51'0,58""E";"4°47'33,9""S"
PNBSC3;VILLAGE_DES_VOILIERS;VOILIE2;4;23092;23;"11°51'0,58""E";"4°47'33,9""S"
PNBSC3;VILLAGE_DES_VOILIERS;VOILIE3;4;23093;23;"11°51'0,58""E";"4°47'33,9""S"
PNBSC3;VILLAGE_DES_VOILIERS;VOILIE7;4;23097;23;"11°51'0,58""E";"4°47'33,9""S"
PNBSC3;VILLAGE_DES_VOILIERS;VOILIE8;4;23098;23;"11°51'0,58""E";"4°47'33,9""S"
PNBSC3;VILLAGE_DES_VOILIERS;VOILIE9;4;23099;23;"11°51'0,58""E";"4°47'33,9""S"
BZBSC3;VIRAGE;VIRAGE1;2;13 451;13;"15°17'42,86""E";"4°13'37,15""S"
BZBSC3;VIRAGE;VIRAGE2;2;13 452;13;"15°17'42,86""E";"4°13'37,15""S"
BZBSC3;VIRAGE;VIRAGE3;2;13 453;13;"15°17'42,86""E";"4°13'37,15""S"
BZBSC3;VIRAGE;VIRAGE7;4;13 457;13;"15°17'42,86""E";"4°13'37,15""S"
BZBSC3;VIRAGE;VIRAGE8;4;13 458;13;"15°17'42,86""E";"4°13'37,15""S"
BZBSC3;VIRAGE;VIRAGE9;4;13 459;13;"15°17'42,86""E";"4°13'37,15""S"
PNBSC2;VOUKA;VUKA1;2;22 821;22;"13°32'49,56""E";"3°5'42,61""S"
PNBSC2;VOUKA;VUKA2;2;22 822;22;"13°32'49,56""E";"3°5'42,61""S"
PNBSC2;VOUNDA;VOUNDA1;2;22 451;22;"12°12'2,3""E";"3°39'15,7""S"
PNBSC2;VOUNDA;VOUNDA2;2;22 452;22;"12°12'2,3""E";"3°39'15,7""S"
PNBSC1;VOUNGOU1;VUNG11;4;21 571;21;"11°54'31""E";"4°47'43""S"
PNBSC1;VOUNGOU1;VUNG12;4;21 572;21;"11°54'31""E";"4°47'43""S"
PNBSC1;VOUNGOU1;VUNG13;4;21 573;21;"11°54'31""E";"4°47'43""S"
PNBSC1;VOUNGOU1;VUNG17;4;21 577;21;"11°54'31""E";"4°47'43""S"
PNBSC1;VOUNGOU1;VUNG18;4;21 578;21;"11°54'31""E";"4°47'43""S"
PNBSC1;VOUNGOU1;VUNG19;4;21 579;21;"11°54'31""E";"4°47'43""S"
BZBSC2;YAMBA;YAMBAA1;6;15 161;15;"13°55'27,8""E";"4°10'37""S"
PNBSC2;YAYA;YAYYA1;2;22 811;22;"12°54'2,52""E";"3°8'28,9""S"
PNBSC2;YAYA;YAYYA2;2;22 812;22;"12°54'2,52""E";"3°8'28,9""S"
PNBSC2;YENEGANOU;YENEGA1;2;22 471;22;"12°28'23,7""E";"3°43'37,2""S"
PNBSC2;YENEGANOU;YENEGA2;4;22 472;22;"12°28'23,7""E";"3°43'37,2""S"
PNBSC3;YENEGANOU;YENEGA3;;22 473;22;"12°28'23,7""E";"3°43'37,2""S"
BZBSC2;YONOM;YONOM1;2;12 781;12;"15°1'18,8""E";"2°26'52,8""S"
BZBSC2;YONOM;YONOM2;2;12 782;12;"15°1'18,8""E";"2°26'52,8""S"
BZBSC2;YONOM;YONOM3;2;12 783;12;"15°1'18,8""E";"2°26'52,8""S"
BZBSC3;YORO;YORRO1;2;13 461;13;"15°18'5,58""E";"4°14'45,17""S"
BZBSC3;YORO;YORRO2;2;13 462;13;"15°18'5,58""E";"4°14'45,17""S"
BZBSC3;YORO;YORRO3;2;13 463;13;"15°18'5,58""E";"4°14'45,17""S"
BZBSC3;YORO;YORRO7;4;13 467;13;"15°18'5,58""E";"4°14'45,17""S"
BZBSC3;YORO;YORRO8;4;13 468;13;"15°18'5,58""E";"4°14'45,17""S"
BZBSC3;YORO;YORRO9;4;13 469;13;"15°18'5,58""E";"4°14'45,17""S"
BZBSC1;YOULOU;YOULOU1;4;11 781;11;"15°14'23,69""E";"4°17'23,78""S"
BZBSC1;YOULOU;YOULOU2;4;11 782;11;"15°14'23,69""E";"4°17'23,78""S"
BZBSC1;YOULOU;YOULOU3;4;11 783;11;"15°14'23,69""E";"4°17'23,78""S"
BZBSC1;YOULOU;YOULOU7;4;11 787;11;"15°14'23,69""E";"4°17'23,78""S"
BZBSC1;YOULOU;YOULOU8;4;11 788;11;"15°14'23,69""E";"4°17'23,78""S"
BZBSC1;YOULOU;YOULOU9;4;11 789;11;"15°14'23,69""E";"4°17'23,78""S"
PNBSC2;ZANAGA;ZANAGA1;2;22 621;22;"13°49'33,7""E";"2°51'25,8""S"
PNBSC2;ZANAGA;ZANAGA2;2;22 622;22;"13°49'33,7""E";"2°51'25,8""S"
PNBSC2;ZANAGA;ZANAGA3;2;22 623;22;"13°49'33,7""E";"2°51'25,8""S"
BZBSC1;ZOO;ZOO7;6;11 267;11;"15°15'17,23""E";"4°16'14,38""S"
BZBSC1;ZOO;ZOO8;4;11 268;11;"15°15'17,23""E";"4°16'14,38""S"
BZBSC1;ZOO;ZOO9;4;11 269;11;"15°15'17,23""E";"4°16'14,38""S"
BZBSC3;ZOULOU;ZOULOU1;4;13 651;13;"15°16'43,5""E";"4°14'13,4""S"
BZBSC3;ZOULOU;ZOULOU2;4;13 652;13;"15°16'43,5""E";"4°14'13,4""S"
BZBSC3;ZOULOU;ZOULOU3;4;13 653;13;"15°16'43,5""E";"4°14'13,4""S"
BZBSC3;ZOULOU;ZOULOU7;4;13 657;13;"15°16'43,5""E";"4°14'13,4""S"
BZBSC3;ZOULOU;ZOULOU8;4;13 658;13;"15°16'43,5""E";"4°14'13,4""S"
BZBSC3;ZOULOU;ZOULOU9;4;13 659;13;"15°16'43,5""E";"4°14'13,4""S"
BZBSC2;BOKANIA;BOKANI1;2;12211;12;"15°15'58,8""E";"0°4'9,09""N"
BZBSC2;BOKANIA;BOKANI2;2;12212;12;"15°15'58,8""E";"0°4'9,09""N"
BZBSC2;BOKANIA;BOKANI3;2;12213;12;"15°15'58,8""E";"0°4'9,09""N"
PNBSC3;CNTS;CNTS1;4;23041;23;"11°51'43,88""E";"4°47'23,39""S"
PNBSC3;CNTS;CNTS2;4;23042;23;"11°51'43,88""E";"4°47'23,39""S"
PNBSC3;CNTS;CNTS3;4;23043;23;"11°51'43,88""E";"4°47'23,39""S"
PNBSC3;CNTS;CNTS7;4;23047;23;"11°51'43,88""E";"4°47'23,39""S"
PNBSC3;CNTS;CNTS8;4;23048;23;"11°51'43,88""E";"4°47'23,39""S"
PNBSC3;CNTS;CNTS9;4;23049;23;"11°51'43,88""E";"4°47'23,39""S"
BZBSC3;LIBANGA;LIBAGA1;4;13521;13;"15°16'44""E";"4°13'12,8""S"
BZBSC3;LIBANGA;LIBAGA2;4;13522;13;"15°16'44""E";"4°13'12,8""S"
BZBSC3;LIBANGA;LIBAGA3;4;13523;13;"15°16'44""E";"4°13'12,8""S"
BZBSC3;LIBANGA;LIBAGA7;4;13527;13;"15°16'44""E";"4°13'12,8""S"
BZBSC3;LIBANGA;LIBAGA8;8;13528;13;"15°16'44""E";"4°13'12,8""S"
BZBSC2;MASSEMBO_LOUBAKI;MASEMB1;2;15071;15;"14°35'6,72""E";"4°15'34,81""S"
BZBSC2;MASSEMBO_LOUBAKI;MASEMB2;2;15072;15;"14°35'6,72""E";"4°15'34,81""S"
BZBSC2;MASSEMBO_LOUBAKI;MASEMB3;2;15073;15;"14°35'6,72""E";"4°15'34,81""S"
BZBSC3;MASSENGO2;MASNG21;4;13511;13;"15°17'0,5""E";"4°11'15,3""S"
BZBSC3;MASSENGO2;MASNG22;4;13512;13;"15°17'0,5""E";"4°11'15,3""S"
BZBSC3;MASSENGO2;MASNG23;4;13513;13;"15°17'0,5""E";"4°11'15,3""S"
BZBSC3;MASSENGO2;MASNG28;8;13518;13;"15°17'0,5""E";"4°11'15,3""S"
BZBSC3;MASSENGO2;MASNG29;4;13519;13;"15°17'0,5""E";"4°11'15,3""S"
PNBSC2;MBOUBISSI;MBUBIS1;2;22401;22;"12°10'52""E";"4°39'37""S"
PNBSC2;MBOUBISSI;MBUBIS2;2;22402;22;"12°10'52""E";"4°39'37""S"
PNBSC2;MBOUBISSI;MBUBIS3;2;22403;22;"12°10'52""E";"4°39'37""S"
BZBSC2;ZOLA BOT;ZOLABU1;2;12201;12;"15°30'0,8""E";"1°34'6,4""N"
BZBSC2;ZOLA BOT;ZOLABU2;2;12202;12;"15°30'0,8""E";"1°34'6,4""N"
BZBSC2;ZOLA BOT;ZOLABU3;2;12203;12;"15°30'0,8""E";"1°34'6,4""N"
